ply
format ascii 1.0
element vertex 2559
property float x
property float y
property float z
property uchar red
property uchar green
property uchar blue
end_header
9.625 18.0 0.125 1 3 0
9.75 18.0 0.125 1 4 2
9.555555555555555 16.0 0.1111111111111111 1 4 2
-10.200000000000001 14.3 0.1 2 6 2
-8.5 14.3 0.1 1 5 1
1.0 14.3 0.1 2 7 2
3.5 14.3 0.1 1 5 1
9.75 17.875 0.125 2 6 2
9.555555555555555 15.888888888888888 0.1111111111111111 1 6 2
59.0 71.5 0.5 2 6 2
29.6 28.6 0.2 2 6 2
89.0 71.5 0.5 1 6 2
-16.900000000000002 14.200000000000001 0.1 1 5 1
-15.181818181818182 12.90909090909091 0.09090909090909091 1 5 1
-13.555555555555555 15.777777777777777 0.1111111111111111 2 6 2
-10.200000000000001 14.200000000000001 0.1 2 6 2
-8.5 14.200000000000001 0.1 1 4 0
1.0 14.200000000000001 0.1 2 6 2
3.4000000000000004 14.200000000000001 0.1 2 6 2
3.5 14.200000000000001 0.1 1 4 0
9.5 17.75 0.125 57 56 46
9.75 17.75 0.125 55 54 46
9.444444444444445 15.777777777777777 0.1111111111111111 4 9 3
33.0 35.5 0.25 26 30 21
26.8 28.400000000000002 0.2 26 31 21
27.0 28.400000000000002 0.2 26 29 20
88.5 71.0 0.5 23 27 18
89.0 71.0 0.5 24 28 20
89.5 71.0 0.5 23 27 19
90.0 71.0 0.5 22 28 20
90.5 71.0 0.5 23 26 16
-16.900000000000002 14.100000000000001 0.1 63 65 52
-15.181818181818182 12.818181818181818 0.09090909090909091 61 65 51
-13.555555555555555 15.666666666666666 0.1111111111111111 31 61 43
-13.25 17.625 0.125 65 63 50
-10.200000000000001 14.100000000000001 0.1 72 71 50
-8.5 14.100000000000001 0.1 80 89 87
0.9 14.100000000000001 0.1 120 107 89
1.357142857142857 10.071428571428571 0.07142857142857142 118 105 87
3.1 14.100000000000001 0.1 114 103 87
3.2 14.100000000000001 0.1 115 106 90
3.3000000000000003 14.100000000000001 0.1 115 104 87
12.333333333333332 23.5 0.16666666666666666 111 101 87
9.444444444444445 15.666666666666666 0.1111111111111111 9 14 5
82.5 70.5 0.5 48 50 35
89.0 70.5 0.5 48 50 35
89.5 70.5 0.5 45 49 34
-16.900000000000002 14.0 0.1 62 63 50
-13.555555555555555 15.555555555555555 0.1111111111111111 21 55 37
-13.25 17.5 0.125 60 59 46
-10.200000000000001 14.0 0.1 65 66 46
-8.5 14.0 0.1 115 101 100
0.9 14.0 0.1 114 101 83
1.0 14.0 0.1 115 103 83
1.357142857142857 10.0 0.07142857142857142 113 100 80
3.0 14.0 0.1 113 102 88
3.1 14.0 0.1 110 99 84
12.333333333333332 23.333333333333332 0.16666666666666666 109 99 83
12.5 23.333333333333332 0.16666666666666666 109 98 83
19.75 17.5 0.125 48 51 39
82.5 70.0 0.5 46 48 35
169.0 140.0 1.0 47 47 36
-13.555555555555555 15.444444444444443 0.1111111111111111 19 55 38
-13.25 17.375 0.125 62 60 47
-10.200000000000001 13.9 0.1 67 64 46
-8.700000000000001 13.9 0.1 103 96 84
-8.5 13.9 0.1 121 110 99
0.5 13.9 0.1 69 59 42
0.6000000000000001 13.9 0.1 110 96 80
0.8 13.9 0.1 114 102 83
0.9 13.9 0.1 113 100 82
1.357142857142857 9.928571428571429 0.07142857142857142 112 100 79
3.0 13.9 0.1 112 101 84
4.0 13.9 0.1 107 97 83
22.5 23.166666666666664 0.16666666666666666 47 49 36
19.75 17.375 0.125 47 50 35
169.0 139.0 1.0 47 48 37
43.75 34.75 0.25 45 47 34
-13.25 17.25 0.125 61 61 48
-8.9 13.8 0.1 66 49 40
-8.8 13.8 0.1 64 51 39
-8.700000000000001 13.8 0.1 103 95 83
-8.5 13.8 0.1 120 111 99
0.5 13.8 0.1 115 98 86
0.6000000000000001 13.8 0.1 113 100 82
0.9 13.8 0.1 113 99 81
3.3000000000000003 13.8 0.1 108 97 82
31.5 34.5 0.25 48 50 37
33.0 34.5 0.25 48 51 39
33.25 34.5 0.25 47 50 36
76.0 69.0 0.5 48 48 36
78.5 69.0 0.5 46 48 33
188.0 138.0 1.0 41 46 32
-15.090909090909092 12.454545454545455 0.09090909090909091 60 62 52
-15.0 12.454545454545455 0.09090909090909091 57 58 47
-8.9 13.700000000000001 0.1 66 48 38
-8.700000000000001 13.700000000000001 0.1 100 93 83
-8.5 13.700000000000001 0.1 120 111 102
-8.3 13.700000000000001 0.1 138 121 113
0.6000000000000001 13.700000000000001 0.1 113 102 83
1.0 13.700000000000001 0.1 116 102 83
1.1 13.700000000000001 0.1 114 100 82
3.3000000000000003 13.700000000000001 0.1 108 99 81
12.5 22.833333333333332 0.16666666666666666 108 96 84
33.0 34.25 0.25 48 52 40
75.5 68.5 0.5 46 49 35
76.0 68.5 0.5 47 51 39
78.5 68.5 0.5 47 48 37
40.25 34.25 0.25 47 48 33
188.0 137.0 1.0 42 45 33
-15.090909090909092 12.363636363636363 0.09090909090909091 60 61 50
-15.0 12.363636363636363 0.09090909090909091 58 57 47
-8.9 13.600000000000001 0.1 67 48 38
-8.700000000000001 13.600000000000001 0.1 100 92 79
0.9 13.600000000000001 0.1 112 100 80
1.0 13.600000000000001 0.1 115 101 82
1.1 13.600000000000001 0.1 114 100 82
3.5 13.600000000000001 0.1 106 95 78
4.5 13.600000000000001 0.1 24 30 19
8.4 13.600000000000001 0.1 77 63 56
8.5 13.600000000000001 0.1 8 11 4
29.166666666666664 22.666666666666664 0.16666666666666666 47 48 34
29.333333333333332 22.666666666666664 0.16666666666666666 46 47 37
93.5 68.0 0.5 42 46 32
-15.090909090909092 12.272727272727273 0.09090909090909091 63 62 54
-8.9 13.5 0.1 68 47 36
4.5 13.5 0.1 27 31 22
8.4 13.5 0.1 74 60 54
8.5 13.5 0.1 8 11 3
75.5 67.5 0.5 49 50 37
32.4 27.0 0.2 48 51 37
28.833333333333332 22.5 0.16666666666666666 47 48 36
89.5 67.5 0.5 42 47 35
93.5 67.5 0.5 41 45 33
94.0 67.5 0.5 42 47 36
-15.090909090909092 12.181818181818182 0.09090909090909091 62 65 52
-15.0 12.181818181818182 0.09090909090909091 59 60 46
1.1 13.4 0.1 80 74 47
4.5 13.4 0.1 52 43 31
53.0 44.666666666666664 0.3333333333333333 47 49 35
53.33333333333333 44.666666666666664 0.3333333333333333 49 50 37
82.5 67.0 0.5 47 50 36
28.666666666666664 22.333333333333332 0.16666666666666666 48 49 38
28.833333333333332 22.333333333333332 0.16666666666666666 46 48 37
-15.090909090909092 12.090909090909092 0.09090909090909091 61 63 51
-15.0 12.090909090909092 0.09090909090909091 62 60 48
6.5 13.3 0.1 79 63 42
14.3 13.3 0.1 51 51 37
-16.900000000000002 13.200000000000001 0.1 67 65 55
-15.090909090909092 12.0 0.09090909090909091 65 65 54
-14.9 13.200000000000001 0.1 76 75 58
5.642857142857142 9.428571428571429 0.07142857142857142 51 65 41
32.25 33.0 0.25 50 49 38
32.5 33.0 0.25 49 53 39
14.3 13.200000000000001 0.1 49 51 38
-15.090909090909092 11.90909090909091 0.09090909090909091 65 65 55
-6.9 13.100000000000001 0.1 62 69 56
3.6 13.100000000000001 0.1 45 46 33
3.7 13.100000000000001 0.1 53 52 39
61.0 65.5 0.5 49 53 38
14.3 13.100000000000001 0.1 49 50 37
-19.0 14.444444444444443 0.1111111111111111 67 64 55
-16.900000000000002 13.0 0.1 66 67 56
-6.9 13.0 0.1 49 61 52
3.6 13.0 0.1 46 49 36
8.333333333333332 14.444444444444443 0.1111111111111111 10 19 12
39.5 32.5 0.25 50 50 39
-19.0 14.333333333333332 0.1111111111111111 66 66 55
-16.900000000000002 12.9 0.1 67 65 57
-11.200000000000001 12.9 0.1 37 35 23
61.0 64.5 0.5 49 53 40
62.0 64.5 0.5 48 51 39
-19.0 14.222222222222221 0.1111111111111111 65 63 54
-15.090909090909092 11.636363636363637 0.09090909090909091 66 67 55
-9.1 12.8 0.1 59 46 37
61.5 64.0 0.5 48 50 37
10.125 8.0 0.0625 48 51 39
89.5 64.0 0.5 46 47 36
-19.0 14.11111111111111 0.1111111111111111 68 66 55
-8.8 12.700000000000001 0.1 61 47 36
-8.700000000000001 12.700000000000001 0.1 85 80 65
5.375 15.875 0.125 54 50 38
4.7 12.700000000000001 0.1 54 51 37
4.9 12.700000000000001 0.1 37 37 26
61.5 63.5 0.5 48 50 37
62.0 63.5 0.5 50 53 40
89.5 63.5 0.5 47 47 35
-19.0 14.0 0.1111111111111111 66 65 55
-10.5 12.600000000000001 0.1 59 48 28
-8.700000000000001 12.600000000000001 0.1 84 78 60
-9.5 21.0 0.16666666666666666 21 35 40
-6.625 15.75 0.125 30 42 50
29.75 31.5 0.25 50 51 36
62.0 63.0 0.5 50 52 41
183.0 126.0 1.0 46 47 35
-19.0 13.888888888888888 0.1111111111111111 66 65 55
-8.6 12.5 0.1 112 104 94
-6.625 15.625 0.125 30 43 51
7.300000000000001 12.5 0.1 9 17 11
61.5 62.5 0.5 50 51 40
62.0 62.5 0.5 50 51 40
10.0625 7.8125 0.0625 48 48 37
-19.0 13.777777777777777 0.1111111111111111 67 66 54
-16.900000000000002 12.4 0.1 69 68 57
-9.4 12.4 0.1 41 37 18
-8.5 12.4 0.1 77 70 60
-6.625 15.5 0.125 29 42 48
4.666666666666666 20.666666666666664 0.16666666666666666 51 50 41
7.300000000000001 12.4 0.1 10 17 11
6.818181818181818 11.272727272727273 0.09090909090909091 10 17 11
12.625 15.5 0.125 43 46 36
10.5 12.4 0.1 46 47 36
27.166666666666664 20.666666666666664 0.16666666666666666 49 49 36
83.5 62.0 0.5 48 48 36
20.555555555555554 13.777777777777777 0.1111111111111111 47 47 36
-16.900000000000002 12.3 0.1 68 67 57
-9.4 12.3 0.1 41 35 18
-5.666666666666666 13.666666666666666 0.1111111111111111 26 40 50
11.833333333333332 20.5 0.16666666666666666 8 14 9
11.444444444444445 13.666666666666666 0.1111111111111111 46 49 38
10.5 12.3 0.1 42 47 37
9.727272727272728 11.181818181818182 0.09090909090909091 43 45 33
43.75 30.75 0.25 46 47 36
35.800000000000004 24.6 0.2 47 48 37
26.142857142857142 17.57142857142857 0.14285714285714285 47 48 36
-15.181818181818182 11.090909090909092 0.09090909090909091 68 68 57
-11.5 12.200000000000001 0.1 43 38 23
-5.666666666666666 13.555555555555555 0.1111111111111111 26 38 48
4.2 12.200000000000001 0.1 37 40 27
11.833333333333332 20.333333333333332 0.16666666666666666 9 16 10
8.333333333333332 13.555555555555555 0.1111111111111111 12 19 13
12.75 15.25 0.125 46 51 40
11.555555555555555 13.555555555555555 0.1111111111111111 46 50 38
61.5 61.0 0.5 47 50 36
62.0 61.0 0.5 47 52 40
-15.181818181818182 11.0 0.09090909090909091 70 67 58
-5.666666666666666 13.444444444444443 0.1111111111111111 29 42 51
11.833333333333332 20.166666666666664 0.16666666666666666 9 17 10
8.333333333333332 13.444444444444443 0.1111111111111111 11 18 12
11.555555555555555 13.444444444444443 0.1111111111111111 46 49 38
40.25 30.25 0.25 48 49 35
-16.900000000000002 12.0 0.1 67 67 57
-15.181818181818182 10.90909090909091 0.09090909090909091 68 67 58
-132.0 120.0 1.0 23 35 45
-5.666666666666666 13.333333333333332 0.1111111111111111 27 39 49
-3.5 30.0 0.25 92 76 51
11.833333333333332 20.0 0.16666666666666666 9 15 11
8.444444444444445 13.333333333333332 0.1111111111111111 12 20 13
73.0 60.0 0.5 50 51 41
-16.900000000000002 11.9 0.1 69 68 57
-15.181818181818182 10.818181818181818 0.09090909090909091 68 67 56
-132.0 119.0 1.0 27 38 48
-7.0 11.9 0.1 22 38 44
-5.666666666666666 13.222222222222221 0.1111111111111111 27 40 48
-4.875 14.875 0.125 34 44 53
9.125 14.875 0.125 7 15 10
8.333333333333332 13.222222222222221 0.1111111111111111 10 19 12
12.666666666666666 9.916666666666666 0.08333333333333333 47 50 39
40.25 29.75 0.25 47 49 36
41.0 29.75 0.25 48 50 38
15.583333333333332 9.916666666666666 0.08333333333333333 47 48 35
-15.181818181818182 10.727272727272728 0.09090909090909091 70 69 57
-132.0 118.0 1.0 23 39 49
9.125 14.75 0.125 10 18 10
8.333333333333332 13.11111111111111 0.1111111111111111 10 16 11
41.0 29.5 0.25 46 51 36
-15.181818181818182 10.636363636363637 0.09090909090909091 67 66 57
-7.800000000000001 11.700000000000001 0.1 100 93 77
-4.875 14.625 0.125 48 50 51
10.0 58.5 0.5 50 49 39
8.333333333333332 13.0 0.1111111111111111 7 15 11
34.5 29.25 0.25 50 50 38
-15.181818181818182 10.545454545454545 0.09090909090909091 66 66 55
-7.800000000000001 11.600000000000001 0.1 101 92 78
-4.875 14.5 0.125 83 72 62
67.5 58.0 0.5 48 49 37
-15.181818181818182 10.454545454545455 0.09090909090909091 68 67 56
-7.800000000000001 11.5 0.1 98 92 77
-7.300000000000001 11.5 0.1 39 37 33
4.666666666666666 19.166666666666664 0.16666666666666666 87 69 48
5.375 14.375 0.125 83 67 46
5.5 14.375 0.125 84 69 49
5.625 14.375 0.125 87 68 48
5.75 14.375 0.125 87 69 49
67.5 57.5 0.5 48 49 38
68.0 57.5 0.5 47 50 38
14.8 11.5 0.1 49 52 41
159.0 115.0 1.0 48 47 34
9.055555555555555 6.388888888888888 0.05555555555555555 48 47 35
30.5 19.166666666666664 0.16666666666666666 48 48 37
-7.4 11.4 0.1 106 94 86
-7.300000000000001 11.4 0.1 44 40 36
-7.2 11.4 0.1 6 20 23
-5.9 11.4 0.1 89 81 68
-5.800000000000001 11.4 0.1 88 80 64
5.875 14.25 0.125 75 64 44
31.75 28.5 0.25 49 49 38
32.0 28.5 0.25 50 51 39
14.8 11.4 0.1 49 51 39
81.5 57.0 0.5 48 47 35
41.5 28.5 0.25 48 49 38
6.730769230769231 4.384615384615385 0.038461538461538464 49 49 37
6.76923076923077 4.384615384615385 0.038461538461538464 51 51 39
30.5 19.0 0.16666666666666666 48 49 39
-7.4 11.3 0.1 108 95 88
-7.300000000000001 11.3 0.1 43 39 37
-7.2 11.3 0.1 6 20 23
-5.9 11.3 0.1 91 84 69
-5.800000000000001 11.3 0.1 85 81 63
-3.6 11.3 0.1 88 81 65
2.5 28.25 0.25 85 70 56
2.75 28.25 0.25 86 69 53
2.909090909090909 10.272727272727273 0.09090909090909091 89 74 57
6.833333333333333 18.833333333333332 0.16666666666666666 86 71 52
7.0 18.833333333333332 0.16666666666666666 87 74 56
7.166666666666666 18.833333333333332 0.16666666666666666 87 72 54
31.75 28.25 0.25 48 49 37
32.0 28.25 0.25 51 52 39
23.0 18.833333333333332 0.16666666666666666 49 50 39
6.730769230769231 4.346153846153847 0.038461538461538464 48 48 37
6.76923076923077 4.346153846153847 0.038461538461538464 48 49 38
-7.4 11.200000000000001 0.1 110 98 90
-7.300000000000001 11.200000000000001 0.1 44 41 37
-7.2 11.200000000000001 0.1 6 18 20
-5.9 11.200000000000001 0.1 92 83 68
-5.800000000000001 11.200000000000001 0.1 86 81 64
2.5 28.0 0.25 87 74 54
2.75 28.0 0.25 86 72 54
2.6666666666666665 9.333333333333332 0.08333333333333333 89 74 55
9.5 28.0 0.25 89 74 53
6.833333333333333 18.666666666666664 0.16666666666666666 87 72 52
7.0 18.666666666666664 0.16666666666666666 88 75 53
5.75 14.0 0.125 87 73 54
23.0 18.666666666666664 0.16666666666666666 50 51 39
-16.900000000000002 11.100000000000001 0.1 64 64 55
-8.777777777777777 12.333333333333332 0.1111111111111111 112 103 93
-8.666666666666666 12.333333333333332 0.1111111111111111 97 90 75
-7.6000000000000005 11.100000000000001 0.1 96 89 76
-5.9 11.100000000000001 0.1 91 82 70
-5.800000000000001 11.100000000000001 0.1 86 80 64
-5.7 11.100000000000001 0.1 87 78 62
-1.3 11.100000000000001 0.1 189 169 163
14.25 27.75 0.25 82 67 43
14.700000000000001 11.100000000000001 0.1 50 51 38
22.25 13.875 0.125 49 52 37
-92.0 55.0 0.5 57 57 48
-5.9 11.0 0.1 87 79 64
-5.800000000000001 11.0 0.1 86 79 66
-5.7 11.0 0.1 86 78 60
-1.3 11.0 0.1 114 116 83
2.25 27.5 0.25 79 67 43
2.5 27.5 0.25 79 69 46
3.125 13.75 0.125 81 68 44
14.0 55.0 0.5 83 70 48
14.0 27.5 0.25 77 65 44
9.833333333333332 18.333333333333332 0.16666666666666666 77 64 40
61.0 55.0 0.5 51 51 43
35.25 27.5 0.25 49 49 36
-5.7 10.9 0.1 76 74 55
-1.3 10.9 0.1 22 43 17
2.5 27.25 0.25 24 37 19
2.75 27.25 0.25 21 35 18
14.0 54.5 0.5 22 36 18
14.0 27.25 0.25 17 31 15
9.833333333333332 18.166666666666664 0.16666666666666666 17 29 13
61.0 54.5 0.5 52 54 43
35.0 27.25 0.25 50 52 41
35.25 27.25 0.25 49 50 39
-51.0 36.0 0.3333333333333333 6 17 22
-10.5 10.8 0.1 59 46 33
-5.7 10.8 0.1 65 60 45
14.0 54.0 0.5 22 25 18
11.75 27.0 0.25 24 28 18
61.0 54.0 0.5 51 53 41
61.5 54.0 0.5 50 49 38
35.0 27.0 0.25 47 51 37
16.3 10.8 0.1 44 47 34
-1.1111111111111112 11.888888888888888 0.1111111111111111 51 48 45
5.333333333333333 17.833333333333332 0.16666666666666666 51 49 42
11.5 26.75 0.25 49 47 38
11.0 21.400000000000002 0.2 46 45 37
46.33333333333333 35.666666666666664 0.3333333333333333 48 48 39
35.25 26.75 0.25 47 48 36
28.6 21.400000000000002 0.2 49 48 36
-154.0 106.0 1.0 102 90 88
-22.166666666666664 17.666666666666664 0.16666666666666666 143 114 120
-2.1 10.600000000000001 0.1 82 78 68
-1.625 13.25 0.125 58 57 47
16.0 53.0 0.5 51 53 41
9.5 17.666666666666664 0.16666666666666666 48 50 38
11.166666666666666 17.666666666666664 0.16666666666666666 45 47 35
11.333333333333332 17.666666666666664 0.16666666666666666 47 48 36
11.666666666666666 17.666666666666664 0.16666666666666666 46 48 38
52.0 53.0 0.5 50 52 39
35.25 26.5 0.25 49 51 39
45.5 26.5 0.25 85 75 68
45.75 26.5 0.25 86 75 70
-90.5 52.5 0.5 71 70 60
-154.0 105.0 1.0 106 97 88
-2.1 10.5 0.1 79 78 68
-1.625 13.125 0.125 61 58 45
3.6666666666666665 8.75 0.08333333333333333 55 56 45
16.25 26.25 0.25 52 53 40
16.5 26.25 0.25 53 54 42
16.75 26.25 0.25 51 52 41
17.25 26.25 0.25 51 51 39
38.5 52.5 0.5 52 51 40
52.0 52.5 0.5 55 56 42
-73.0 52.0 0.5 115 105 96
-1.625 13.0 0.125 64 60 51
-1.5 13.0 0.125 64 62 52
3.75 26.0 0.25 59 59 46
3.583333333333333 8.666666666666666 0.08333333333333333 56 57 45
3.6666666666666665 8.666666666666666 0.08333333333333333 56 56 45
11.5 26.0 0.25 58 58 45
16.25 26.0 0.25 54 51 42
16.5 26.0 0.25 55 54 42
17.25 26.0 0.25 53 53 44
70.0 104.0 1.0 53 55 45
36.5 52.0 0.5 55 54 43
51.0 52.0 0.5 55 56 41
51.5 52.0 0.5 53 54 41
52.0 52.0 0.5 54 54 44
12.5 10.4 0.1 48 51 36
-1.625 12.875 0.125 64 65 51
-1.5 12.875 0.125 68 67 53
0.0 51.5 0.5 65 64 53
0.5 51.5 0.5 62 61 48
5.0 25.75 0.25 61 60 48
5.25 25.75 0.25 60 59 47
4.0 12.875 0.125 58 59 49
4.125 12.875 0.125 58 58 48
19.0 51.5 0.5 58 59 47
16.25 25.75 0.25 55 55 42
11.666666666666666 17.166666666666664 0.16666666666666666 54 55 44
16.900000000000002 10.3 0.1 125 111 95
-111.0 102.0 1.0 195 178 154
2.25 25.5 0.25 61 59 48
4.75 12.75 0.125 57 58 47
19.25 25.5 0.25 53 53 41
12.600000000000001 10.200000000000001 0.1 102 98 80
16.900000000000002 10.200000000000001 0.1 86 87 68
-16.8 10.100000000000001 0.1 77 75 67
-34.0 25.25 0.25 95 85 78
5.0 16.833333333333332 0.16666666666666666 56 59 47
4.0 10.100000000000001 0.1 52 56 44
4.1000000000000005 10.100000000000001 0.1 51 54 41
10.833333333333332 16.833333333333332 0.16666666666666666 50 51 40
11.5 10.100000000000001 0.1 56 53 40
11.700000000000001 10.100000000000001 0.1 59 53 41
11.8 10.100000000000001 0.1 60 57 45
16.900000000000002 10.100000000000001 0.1 77 71 60
-16.8 10.0 0.1 37 43 31
-113.0 100.0 1.0 149 131 126
19.75 25.0 0.25 66 60 50
13.5 12.5 0.125 67 61 52
-17.0 9.9 0.1 51 60 46
-16.8 9.9 0.1 53 58 49
4.5 12.375 0.125 74 70 57
32.0 49.5 0.5 67 65 53
19.25 24.75 0.25 65 62 51
19.5 24.75 0.25 69 63 53
19.75 24.75 0.25 68 64 50
-17.0 9.8 0.1 54 49 48
4.5 12.25 0.125 76 71 60
22.5 49.0 0.5 70 68 56
23.0 49.0 0.5 72 69 58
28.0 49.0 0.5 72 69 56
31.5 49.0 0.5 70 65 53
32.0 49.0 0.5 70 67 57
32.5 49.0 0.5 69 65 53
33.0 49.0 0.5 70 67 55
33.5 49.0 0.5 68 64 53
19.75 24.5 0.25 71 66 53
20.0 24.5 0.25 69 65 53
51.0 49.0 0.5 68 65 55
25.75 24.5 0.25 69 63 52
11.5 9.8 0.1 68 64 52
15.4 9.8 0.1 120 103 94
1.3333333333333333 16.166666666666664 0.16666666666666666 80 75 62
1.5 12.125 0.125 77 74 61
4.125 12.125 0.125 76 70 58
4.375 12.125 0.125 73 70 57
4.5 12.125 0.125 75 71 58
4.875 12.125 0.125 74 68 56
20.5 48.5 0.5 72 69 56
21.0 48.5 0.5 73 71 60
22.5 48.5 0.5 71 68 54
28.0 48.5 0.5 71 67 55
32.5 48.5 0.5 71 67 53
33.0 48.5 0.5 70 68 55
33.5 48.5 0.5 71 66 54
14.166666666666666 16.166666666666664 0.16666666666666666 67 64 52
13.200000000000001 9.700000000000001 0.1 117 105 91
-63.5 48.0 0.5 38 65 34
5.25 24.0 0.25 66 66 54
3.25 12.0 0.125 67 67 55
3.375 12.0 0.125 68 67 52
9.5 24.0 0.25 62 63 54
4.3 9.600000000000001 0.1 60 63 48
28.0 48.0 0.5 56 59 47
28.5 48.0 0.5 55 57 43
38.5 48.0 0.5 49 52 38
20.25 24.0 0.25 50 53 38
-63.5 47.5 0.5 7 19 12
12.0 47.5 0.5 26 39 22
3.375 11.875 0.125 25 38 21
3.5 11.875 0.125 26 40 23
5.333333333333333 15.833333333333332 0.16666666666666666 24 38 22
16.25 23.75 0.25 22 33 18
16.5 23.75 0.25 23 34 20
34.0 47.5 0.5 22 33 19
10.0 11.875 0.125 19 31 19
-178.0 94.0 1.0 54 67 68
-82.0 47.0 0.5 76 85 85
-81.5 47.0 0.5 67 77 78
-8.875 11.75 0.125 8 16 11
1.25 23.5 0.25 13 22 15
10.0 94.0 1.0 13 25 14
12.0 47.0 0.5 15 25 17
3.375 11.75 0.125 13 23 13
3.5 11.75 0.125 14 26 16
24.5 47.0 0.5 13 23 14
13.0 23.5 0.25 15 23 16
16.0 23.5 0.25 16 23 17
34.0 47.0 0.5 17 24 18
17.5 9.4 0.1 69 67 54
17.6 9.4 0.1 88 77 66
-166.0 93.0 1.0 64 74 78
-4.357142857142857 6.642857142857142 0.07142857142857142 11 17 12
-4.166666666666666 7.75 0.08333333333333333 9 17 15
-3.2857142857142856 6.642857142857142 0.07142857142857142 8 16 13
-2.625 5.8125 0.0625 8 16 14
11.0 46.5 0.5 14 22 15
11.5 46.5 0.5 12 20 13
12.0 46.5 0.5 13 21 16
3.375 11.625 0.125 14 20 15
7.5 11.625 0.125 18 24 19
34.0 46.5 0.5 19 26 18
22.5 23.25 0.25 7 15 11
17.5 9.3 0.1 79 77 68
17.6 9.3 0.1 118 97 93
-18.8 18.400000000000002 0.2 11 22 16
-2.833333333333333 7.666666666666666 0.08333333333333333 7 16 13
11.5 46.0 0.5 14 22 15
12.0 46.0 0.5 14 22 18
7.25 11.5 0.125 19 24 18
7.375 11.5 0.125 19 26 16
7.5 11.5 0.125 20 28 19
34.0 46.0 0.5 21 27 19
22.5 23.0 0.25 7 15 12
17.400000000000002 9.200000000000001 0.1 123 104 96
17.5 9.200000000000001 0.1 122 105 93
-5.166666666666666 7.583333333333333 0.08333333333333333 11 21 15
-4.3 9.1 0.1 6 13 10
7.5 11.375 0.125 17 27 18
32.5 45.5 0.5 15 22 16
22.5 22.75 0.25 8 14 10
17.6 9.1 0.1 126 111 98
-18.8 18.0 0.2 9 18 16
-5.166666666666666 7.5 0.08333333333333333 6 15 12
-3.142857142857143 6.428571428571428 0.07142857142857142 6 12 11
-4.066666666666666 2.966666666666667 0.03333333333333333 7 15 15
-5.25 7.416666666666666 0.08333333333333333 9 16 12
-4.25 7.416666666666666 0.08333333333333333 15 22 19
-4.166666666666666 7.416666666666666 0.08333333333333333 15 21 19
-4.083333333333333 7.416666666666666 0.08333333333333333 5 13 8
-3.2857142857142856 6.357142857142857 0.07142857142857142 6 15 11
-3.142857142857143 6.357142857142857 0.07142857142857142 6 15 12
-3.0 29.666666666666664 0.3333333333333333 12 18 13
7.1000000000000005 8.9 0.1 9 18 12
14.8 8.9 0.1 121 111 95
14.9 8.9 0.1 124 111 96
15.0 8.9 0.1 127 113 97
15.100000000000001 8.9 0.1 127 113 99
-5.25 7.333333333333333 0.08333333333333333 12 17 14
-5.166666666666666 7.333333333333333 0.08333333333333333 7 16 13
-5.083333333333333 7.333333333333333 0.08333333333333333 13 24 18
-3.0 29.333333333333332 0.3333333333333333 11 19 16
4.2 8.8 0.1 13 21 15
12.25 22.0 0.25 10 18 13
8.555555555555555 9.777777777777777 0.1111111111111111 11 18 13
8.666666666666666 9.777777777777777 0.1111111111111111 12 18 16
8.777777777777777 9.777777777777777 0.1111111111111111 7 13 10
8.88888888888889 9.777777777777777 0.1111111111111111 7 14 12
14.9 8.8 0.1 123 109 93
15.0 8.8 0.1 127 113 99
15.100000000000001 8.8 0.1 126 111 96
-6.615384615384616 6.6923076923076925 0.07692307692307693 13 20 16
-4.5 7.25 0.08333333333333333 13 23 18
-1.5555555555555554 9.666666666666666 0.1111111111111111 32 36 30
-1.2000000000000002 8.700000000000001 0.1 32 37 32
1.0 9.666666666666666 0.1111111111111111 9 18 13
2.5555555555555554 9.666666666666666 0.1111111111111111 8 16 10
4.75 10.875 0.125 9 17 13
4.2 8.700000000000001 0.1 14 22 16
7.6000000000000005 8.700000000000001 0.1 9 15 12
7.7 8.700000000000001 0.1 12 21 16
8.777777777777777 9.666666666666666 0.1111111111111111 19 17 18
7.416666666666666 7.25 0.08333333333333333 6 13 9
14.9 8.700000000000001 0.1 110 104 86
15.0 8.700000000000001 0.1 132 118 104
15.100000000000001 8.700000000000001 0.1 119 105 94
-16.2 8.6 0.1 26 35 34
-13.625 10.75 0.125 11 24 35
-9.700000000000001 8.6 0.1 10 21 32
-9.600000000000001 8.6 0.1 7 18 22
-6.615384615384616 6.615384615384616 0.07692307692307693 11 20 18
-4.5 7.166666666666666 0.08333333333333333 40 36 34
-1.2000000000000002 8.6 0.1 35 41 36
1.0 9.555555555555555 0.1111111111111111 8 15 12
9.0 9.555555555555555 0.1111111111111111 21 21 19
4.958333333333333 3.583333333333333 0.041666666666666664 19 41 47
14.9 8.6 0.1 112 102 86
15.0 8.6 0.1 129 115 101
15.100000000000001 8.6 0.1 117 101 89
-15.181818181818182 7.7272727272727275 0.09090909090909091 82 86 84
-16.2 8.5 0.1 21 33 32
-16.1 8.5 0.1 39 53 56
-17.444444444444443 9.444444444444445 0.1111111111111111 71 79 81
-4.5 7.083333333333333 0.08333333333333333 78 68 64
-1.4000000000000001 8.5 0.1 35 39 32
-1.3 8.5 0.1 32 35 27
1.0 9.444444444444445 0.1111111111111111 58 45 38
3.7 8.5 0.1 19 22 18
9.0 9.444444444444445 0.1111111111111111 77 66 69
14.9 8.5 0.1 123 107 92
15.0 8.5 0.1 126 111 96
15.100000000000001 8.5 0.1 124 109 94
15.200000000000001 8.5 0.1 125 110 97
18.5 8.5 0.1 120 106 94
-15.181818181818182 7.636363636363637 0.09090909090909091 81 86 85
-16.1 8.4 0.1 35 51 53
-14.3 8.4 0.1 7 17 21
-10.777777777777777 9.333333333333332 0.1111111111111111 12 22 34
-1.5 8.4 0.1 25 31 21
3.6 8.4 0.1 90 69 61
3.7 8.4 0.1 77 60 51
4.958333333333333 3.5 0.041666666666666664 19 42 48
15.100000000000001 8.4 0.1 126 113 97
15.200000000000001 8.4 0.1 128 115 100
15.600000000000001 8.4 0.1 130 115 103
18.6 8.4 0.1 98 96 78
-15.181818181818182 7.545454545454546 0.09090909090909091 84 87 86
-16.1 8.3 0.1 36 52 51
-16.0 8.3 0.1 75 83 87
-14.3 8.3 0.1 7 17 22
-5.307692307692308 6.384615384615385 0.07692307692307693 4 11 8
-1.7000000000000002 8.3 0.1 16 22 17
-1.5 8.3 0.1 24 31 23
-0.8 8.3 0.1 96 85 79
3.6 8.3 0.1 108 90 77
3.7 8.3 0.1 93 79 65
15.600000000000001 8.3 0.1 129 118 103
18.6 8.3 0.1 93 85 74
-15.181818181818182 7.454545454545455 0.09090909090909091 88 91 90
-16.2 8.200000000000001 0.1 21 30 30
-15.9 8.200000000000001 0.1 70 78 79
-14.3 8.200000000000001 0.1 7 15 20
-1.7000000000000002 8.200000000000001 0.1 17 24 17
-0.8 8.200000000000001 0.1 98 88 81
16.5 8.200000000000001 0.1 98 88 77
18.6 8.200000000000001 0.1 111 96 86
-16.2 8.1 0.1 23 34 29
-4.473684210526316 4.263157894736842 0.05263157894736842 10 15 12
-1.7000000000000002 8.1 0.1 18 24 16
16.5 8.1 0.1 122 103 95
2.2272727272727275 3.6363636363636367 0.045454545454545456 104 89 76
-6.63157894736842 4.157894736842105 0.05263157894736842 88 81 78
-11.888888888888888 8.777777777777777 0.1111111111111111 48 48 49
-4.0 4.157894736842105 0.05263157894736842 7 14 12
1.0 7.9 0.1 76 70 57
-18.125 9.75 0.125 19 24 17
-6.63157894736842 4.105263157894736 0.05263157894736842 93 86 81
16.6 7.800000000000001 0.1 116 102 92
16.7 7.800000000000001 0.1 112 98 89
-18.125 9.625 0.125 17 24 19
-14.100000000000001 7.7 0.1 7 19 31
-6.684210526315789 4.052631578947368 0.05263157894736842 89 84 71
-5.583333333333333 6.416666666666666 0.08333333333333333 50 55 45
-14.100000000000001 7.6000000000000005 0.1 6 18 29
-9.3 7.6000000000000005 0.1 9 24 33
-5.666666666666666 6.333333333333333 0.08333333333333333 20 23 17
-5.583333333333333 6.333333333333333 0.08333333333333333 51 57 48
-5.5 6.333333333333333 0.08333333333333333 77 76 67
-0.5 7.6000000000000005 0.1 55 59 48
0.0 8.444444444444445 0.1111111111111111 59 50 45
15.0 7.6000000000000005 0.1 131 115 100
15.100000000000001 7.6000000000000005 0.1 132 119 102
-14.100000000000001 7.5 0.1 6 19 26
-9.3 7.5 0.1 8 21 30
-5.666666666666666 6.25 0.08333333333333333 54 50 43
-5.583333333333333 6.25 0.08333333333333333 58 56 53
-5.5 6.25 0.08333333333333333 74 77 63
-5.416666666666666 6.25 0.08333333333333333 155 132 134
-5.0 7.5 0.1 10 17 16
0.0 8.333333333333332 0.1111111111111111 62 56 50
4.5 4.166666666666666 0.05555555555555555 13 24 12
15.0 7.5 0.1 128 115 102
15.100000000000001 7.5 0.1 111 103 87
15.200000000000001 7.5 0.1 118 110 94
15.3 7.5 0.1 124 113 99
-14.100000000000001 7.4 0.1 6 18 26
-6.63157894736842 3.894736842105263 0.05263157894736842 98 90 81
-10.555555555555555 8.222222222222221 0.1111111111111111 13 23 30
-5.666666666666666 6.166666666666666 0.08333333333333333 18 31 19
-5.583333333333333 6.166666666666666 0.08333333333333333 72 73 66
-5.5 6.166666666666666 0.08333333333333333 95 94 83
-5.416666666666666 6.166666666666666 0.08333333333333333 147 129 126
-5.0 7.4 0.1 9 17 14
0.0 8.222222222222221 0.1111111111111111 70 61 54
15.100000000000001 7.4 0.1 117 106 92
15.200000000000001 7.4 0.1 128 113 102
16.0 7.4 0.1 131 118 105
-16.2 7.300000000000001 0.1 25 34 32
-14.100000000000001 7.300000000000001 0.1 9 20 26
-9.200000000000001 7.300000000000001 0.1 8 20 20
-5.666666666666666 6.083333333333333 0.08333333333333333 17 26 15
-5.583333333333333 6.083333333333333 0.08333333333333333 55 61 52
-5.5 6.083333333333333 0.08333333333333333 52 62 45
-5.416666666666666 6.083333333333333 0.08333333333333333 122 110 104
-5.0 7.300000000000001 0.1 9 17 15
-0.8888888888888888 8.11111111111111 0.1111111111111111 105 93 84
0.0 8.11111111111111 0.1111111111111111 73 64 56
16.0 7.300000000000001 0.1 132 118 103
-16.2 7.2 0.1 26 35 33
-12.0 9.0 0.125 7 17 13
-9.200000000000001 7.2 0.1 10 17 14
-5.666666666666666 6.0 0.08333333333333333 8 20 11
-5.583333333333333 6.0 0.08333333333333333 57 60 54
-5.5 6.0 0.08333333333333333 74 75 67
-5.416666666666666 6.0 0.08333333333333333 131 119 115
-1.1666666666666667 2.4 0.03333333333333333 9 17 14
-0.8888888888888888 8.0 0.1111111111111111 105 95 85
16.0 7.2 0.1 133 120 105
-16.2 7.1000000000000005 0.1 24 36 34
-16.1 7.1000000000000005 0.1 41 55 56
-9.200000000000001 7.1000000000000005 0.1 11 18 15
-6.75 5.916666666666666 0.08333333333333333 7 14 11
-6.5 5.916666666666666 0.08333333333333333 6 13 11
-5.666666666666666 5.916666666666666 0.08333333333333333 6 17 11
-1.1666666666666667 2.3666666666666667 0.03333333333333333 9 17 12
-1.0 7.888888888888888 0.1111111111111111 110 100 92
-0.8888888888888888 7.888888888888888 0.1111111111111111 106 96 87
0.4545454545454546 6.454545454545455 0.09090909090909091 100 87 73
0.5833333333333333 5.916666666666666 0.08333333333333333 39 40 31
43.0 71.0 1.0 48 60 41
5.2727272727272725 3.2272727272727275 0.045454545454545456 25 47 53
-16.2 7.0 0.1 16 28 23
-16.1 7.0 0.1 37 52 53
-16.0 7.0 0.1 94 100 105
-7.25 5.833333333333333 0.08333333333333333 14 13 11
-6.75 5.833333333333333 0.08333333333333333 6 11 9
-6.666666666666666 5.833333333333333 0.08333333333333333 5 12 11
-5.666666666666666 5.833333333333333 0.08333333333333333 16 25 21
-1.1666666666666667 2.3333333333333335 0.03333333333333333 10 16 12
-1.0 7.777777777777778 0.1111111111111111 110 102 94
-0.8888888888888888 7.777777777777778 0.1111111111111111 107 97 88
0.30000000000000004 7.0 0.1 51 50 41
0.5833333333333333 5.833333333333333 0.08333333333333333 6 14 4
-16.1 6.9 0.1 37 50 53
-16.0 6.9 0.1 93 101 104
-5.666666666666666 5.75 0.08333333333333333 13 27 22
-1.1666666666666667 2.3 0.03333333333333333 9 18 14
-0.8888888888888888 7.666666666666666 0.1111111111111111 110 98 87
0.1 6.9 0.1 73 64 55
0.6666666666666666 5.75 0.08333333333333333 17 26 23
1.0 4.6 0.06666666666666667 28 34 26
15.100000000000001 6.9 0.1 135 119 108
16.0 6.9 0.1 134 121 106
-16.0 6.800000000000001 0.1 88 95 97
-8.833333333333332 5.666666666666666 0.08333333333333333 9 18 15
-8.0 5.230769230769231 0.07692307692307693 10 19 16
-0.8888888888888888 7.555555555555555 0.1111111111111111 113 101 92
0.6666666666666666 5.666666666666666 0.08333333333333333 40 40 39
15.0 6.800000000000001 0.1 134 123 108
15.100000000000001 6.800000000000001 0.1 133 120 104
-8.833333333333332 5.583333333333333 0.08333333333333333 11 17 15
-3.571428571428571 4.785714285714286 0.07142857142857142 45 39 39
0.6666666666666666 5.583333333333333 0.08333333333333333 23 31 26
1.7000000000000002 6.7 0.1 87 81 62
15.0 6.7 0.1 135 123 108
0.6666666666666666 5.5 0.08333333333333333 12 22 16
1.7000000000000002 6.6000000000000005 0.1 86 79 61
1.6 4.4 0.06666666666666667 111 106 116
1.6666666666666667 4.4 0.06666666666666667 14 31 46
14.9 6.6000000000000005 0.1 125 114 97
15.0 6.6000000000000005 0.1 125 115 100
18.5 6.6000000000000005 0.1 127 114 100
-8.833333333333332 5.416666666666666 0.08333333333333333 10 18 15
-8.666666666666666 10.833333333333332 0.16666666666666666 127 115 105
0.6666666666666666 5.416666666666666 0.08333333333333333 8 16 13
1.4375 4.0625 0.0625 63 77 57
1.6666666666666667 4.333333333333333 0.06666666666666667 10 37 47
2.8666666666666667 4.333333333333333 0.06666666666666667 27 54 71
14.9 6.5 0.1 133 118 105
15.0 6.5 0.1 130 116 103
18.1 6.5 0.1 127 113 98
-6.25 5.333333333333333 0.08333333333333333 5 11 10
1.4375 4.0 0.0625 79 75 64
1.5625 4.0 0.0625 4 40 50
2.8666666666666667 4.266666666666667 0.06666666666666667 27 56 70
14.9 6.4 0.1 133 117 102
15.0 6.4 0.1 129 116 104
17.6 6.4 0.1 129 114 102
-6.25 5.25 0.08333333333333333 5 12 9
-1.8 6.300000000000001 0.1 18 27 18
1.5625 3.9375 0.0625 7 46 58
14.9 6.300000000000001 0.1 132 117 101
-6.25 5.166666666666666 0.08333333333333333 5 11 9
1.4375 3.875 0.0625 66 80 62
1.5625 3.875 0.0625 11 52 61
2.75 3.875 0.0625 22 54 68
14.9 6.2 0.1 135 119 107
-12.100000000000001 6.1000000000000005 0.1 11 22 30
-6.25 5.083333333333333 0.08333333333333333 5 11 10
1.4375 3.8125 0.0625 79 84 69
1.5 3.8125 0.0625 95 105 112
1.5625 3.8125 0.0625 19 55 71
-6.25 5.0 0.08333333333333333 5 12 9
-6.166666666666666 5.0 0.08333333333333333 7 14 11
1.4375 3.75 0.0625 90 94 83
1.5 3.75 0.0625 114 114 127
1.5625 3.75 0.0625 12 54 65
18.0 6.0 0.1 128 116 101
-6.166666666666666 4.916666666666666 0.08333333333333333 10 16 14
1.5 3.6875 0.0625 98 105 118
1.5625 3.6875 0.0625 11 60 71
18.0 5.9 0.1 128 116 104
-2.25 4.833333333333333 0.08333333333333333 139 124 114
0.1 5.800000000000001 0.1 34 35 31
18.0 5.800000000000001 0.1 132 118 105
-3.2 5.7 0.1 133 123 112
-2.25 4.75 0.08333333333333333 135 123 113
0.0 5.7 0.1 79 70 69
-2.333333333333333 4.666666666666666 0.08333333333333333 106 105 89
-2.25 4.666666666666666 0.08333333333333333 103 99 85
-1.9000000000000001 5.6000000000000005 0.1 32 39 29
0.0 5.6000000000000005 0.1 105 89 89
15.8 5.6000000000000005 0.1 127 116 101
17.1 5.6000000000000005 0.1 112 101 85
17.2 5.6000000000000005 0.1 111 105 87
17.3 5.6000000000000005 0.1 123 110 94
-6.5 6.875 0.125 41 57 37
-3.6666666666666665 4.583333333333333 0.08333333333333333 40 56 36
-1.7000000000000002 5.5 0.1 24 30 21
0.8636363636363636 2.5 0.045454545454545456 91 82 72
2.0666666666666664 3.6666666666666665 0.06666666666666667 88 81 73
4.2 2.75 0.05 73 76 67
19.166666666666664 9.166666666666666 0.16666666666666666 27 49 52
17.1 5.5 0.1 121 106 93
17.400000000000002 5.5 0.1 129 113 102
17.5 5.5 0.1 125 113 98
17.6 5.5 0.1 124 111 98
-12.100000000000001 5.4 0.1 11 24 35
-12.0 5.4 0.1 11 25 36
-11.11111111111111 6.0 0.1111111111111111 9 21 31
-5.222222222222222 3.0 0.05555555555555555 12 26 39
-3.6666666666666665 4.5 0.08333333333333333 31 39 30
2.1 5.4 0.1 57 72 60
2.090909090909091 4.909090909090909 0.09090909090909091 103 106 99
2.0666666666666664 3.6 0.06666666666666667 83 77 74
17.1 5.4 0.1 115 104 87
17.400000000000002 5.4 0.1 129 114 101
17.5 5.4 0.1 123 108 94
17.6 5.4 0.1 120 107 95
-10.625 6.625 0.125 10 18 16
2.1 5.300000000000001 0.1 62 76 65
2.090909090909091 4.818181818181818 0.09090909090909091 100 108 94
2.0666666666666664 3.533333333333333 0.06666666666666667 94 75 63
12.75 6.625 0.125 28 52 57
130.0 53.0 1.0 93 70 21
17.1 5.300000000000001 0.1 133 114 102
17.400000000000002 5.300000000000001 0.1 134 118 104
17.5 5.300000000000001 0.1 134 116 103
-61.0 26.0 0.5 13 26 39
-60.5 26.0 0.5 12 25 38
-8.9 5.2 0.1 10 21 30
2.0666666666666664 3.466666666666667 0.06666666666666667 122 96 87
12.75 6.5 0.125 28 51 56
12.875 6.5 0.125 30 51 56
17.1 5.2 0.1 133 117 103
17.400000000000002 5.2 0.1 133 118 104
17.5 5.2 0.1 132 117 104
17.6 5.2 0.1 133 118 104
-61.5 25.5 0.5 11 25 37
-61.0 25.5 0.5 11 27 38
-60.5 25.5 0.5 10 27 36
2.0666666666666664 3.4 0.06666666666666667 117 94 83
2.1333333333333333 3.4 0.06666666666666667 93 64 51
2.125 3.1875 0.0625 100 73 69
12.75 6.375 0.125 27 51 53
-61.0 25.0 0.5 12 25 38
-13.0 6.25 0.125 12 25 37
-6.0625 3.125 0.0625 11 24 35
-5.166666666666666 2.7777777777777777 0.05555555555555555 11 23 36
-0.6666666666666666 4.166666666666666 0.08333333333333333 30 34 27
2.1333333333333333 3.3333333333333335 0.06666666666666667 93 96 97
17.0 5.0 0.1 132 119 104
-61.0 24.5 0.5 11 28 37
-6.6000000000000005 4.9 0.1 49 51 46
-5.166666666666666 4.083333333333333 0.08333333333333333 50 52 46
-0.8 4.9 0.1 28 36 27
2.1333333333333333 3.2666666666666666 0.06666666666666667 127 125 125
6.4 4.9 0.1 34 41 28
-15.5 4.800000000000001 0.1 64 74 79
-0.8 4.800000000000001 0.1 23 32 22
-0.7000000000000001 4.800000000000001 0.1 25 31 20
2.1333333333333333 3.2 0.06666666666666667 157 147 139
-33.0 11.75 0.25 11 24 36
-11.200000000000001 4.7 0.1 13 25 38
-5.277777777777778 2.611111111111111 0.05555555555555555 13 26 31
-6.5 4.7 0.1 40 43 36
-4.538461538461538 3.6153846153846154 0.07692307692307693 45 50 42
-4.833333333333333 3.9166666666666665 0.08333333333333333 42 43 41
-0.6000000000000001 4.7 0.1 24 30 20
18.6 4.7 0.1 139 123 106
-65.5 23.0 0.5 10 23 35
-65.0 23.0 0.5 12 24 37
-13.125 5.75 0.125 11 24 36
-4.416666666666666 3.833333333333333 0.08333333333333333 8 15 12
-4.333333333333333 3.833333333333333 0.08333333333333333 6 14 12
-2.8000000000000003 4.6000000000000005 0.1 23 25 23
2.0 1.5333333333333332 0.03333333333333333 10 14 11
18.6 4.6000000000000005 0.1 138 123 107
17.09090909090909 4.181818181818182 0.09090909090909091 135 119 103
-54.5 22.5 0.5 10 22 36
-4.333333333333333 3.75 0.08333333333333333 7 15 12
-5.0 5.0 0.1111111111111111 7 24 10
-3.0 4.5 0.1 25 33 23
-2.8000000000000003 4.5 0.1 48 45 37
2.0 1.5517241379310345 0.034482758620689655 46 44 31
2.0 1.5 0.03333333333333333 16 20 15
18.5 4.5 0.1 139 124 106
18.6 4.5 0.1 139 125 106
-14.3 4.4 0.1 88 72 78
-5.0 4.888888888888888 0.1111111111111111 22 31 20
-3.0 4.4 0.1 33 42 27
2.0 1.5172413793103448 0.034482758620689655 39 40 28
2.0 1.4666666666666666 0.03333333333333333 37 34 27
18.5 4.4 0.1 138 122 105
18.6 4.4 0.1 139 123 106
-3.25 3.583333333333333 0.08333333333333333 18 34 15
-4.6000000000000005 4.2 0.1 20 27 19
-4.4 4.2 0.1 17 27 18
-4.3 4.2 0.1 18 26 17
-4.2 4.2 0.1 19 28 19
-3.25 3.5 0.08333333333333333 14 22 13
-2.8000000000000003 4.2 0.1 48 53 44
-1.9166666666666665 3.5 0.08333333333333333 23 30 28
-0.75 3.5 0.08333333333333333 27 30 20
-4.6000000000000005 4.1000000000000005 0.1 22 29 25
-4.3 4.1000000000000005 0.1 16 23 15
-2.8000000000000003 4.1000000000000005 0.1 32 38 30
-2.0 3.4166666666666665 0.08333333333333333 29 36 31
-1.75 3.4166666666666665 0.08333333333333333 25 31 26
-1.6666666666666665 3.4166666666666665 0.08333333333333333 31 34 31
-2.9166666666666665 3.333333333333333 0.08333333333333333 21 28 21
-2.9000000000000004 4.0 0.1 22 29 23
2.8823529411764706 2.3529411764705883 0.058823529411764705 23 25 17
3.1785714285714284 1.4285714285714284 0.03571428571428571 190 88 37
3.1379310344827585 1.3793103448275863 0.034482758620689655 178 89 41
8.0625 2.5 0.0625 126 81 12
8.125 2.5 0.0625 107 69 12
-0.5833333333333333 3.25 0.08333333333333333 11 19 12
3.1333333333333333 2.6 0.06666666666666667 43 44 34
3.1785714285714284 1.3928571428571428 0.03571428571428571 192 84 32
3.793103448275862 1.3448275862068966 0.034482758620689655 8 19 13
7.9375 2.4375 0.0625 147 97 11
8.0625 2.4375 0.0625 124 81 12
-12.100000000000001 3.8000000000000003 0.1 12 20 15
-5.5 3.1666666666666665 0.08333333333333333 20 30 26
-5.416666666666666 3.1666666666666665 0.08333333333333333 22 30 25
-5.333333333333333 3.1666666666666665 0.08333333333333333 29 34 31
-0.8181818181818182 3.4545454545454546 0.09090909090909091 14 21 16
3.1333333333333333 2.533333333333333 0.06666666666666667 29 30 18
3.1785714285714284 1.357142857142857 0.03571428571428571 195 82 31
3.5172413793103448 1.3103448275862069 0.034482758620689655 111 47 24
-12.200000000000001 3.7 0.1 32 34 31
-12.100000000000001 3.7 0.1 30 32 29
-5.166666666666666 3.083333333333333 0.08333333333333333 48 46 46
-3.083333333333333 3.083333333333333 0.08333333333333333 56 54 52
-3.0 3.083333333333333 0.08333333333333333 57 56 55
-0.8181818181818182 3.3636363636363638 0.09090909090909091 13 21 17
2.6842105263157894 1.9473684210526314 0.05263157894736842 17 22 15
3.142857142857143 1.3214285714285714 0.03571428571428571 197 84 32
3.103448275862069 1.2758620689655171 0.034482758620689655 193 84 32
3.5172413793103448 1.2758620689655171 0.034482758620689655 114 46 20
15.600000000000001 3.7 0.1 132 114 106
-12.200000000000001 3.6 0.1 44 44 38
2.5500000000000003 1.8 0.05 18 24 17
3.142857142857143 1.2857142857142856 0.03571428571428571 196 83 31
3.103448275862069 1.2413793103448276 0.034482758620689655 192 81 30
-12.200000000000001 3.5 0.1 51 51 44
-10.90909090909091 3.181818181818182 0.09090909090909091 52 50 46
-4.666666666666666 2.9166666666666665 0.08333333333333333 46 51 45
3.142857142857143 1.25 0.03571428571428571 195 83 32
3.103448275862069 1.206896551724138 0.034482758620689655 193 82 32
15.600000000000001 3.5 0.1 114 105 93
17.400000000000002 3.5 0.1 135 120 105
-12.200000000000001 3.4000000000000004 0.1 58 57 48
-5.307692307692308 2.6153846153846154 0.07692307692307693 12 21 18
-4.666666666666666 2.833333333333333 0.08333333333333333 34 42 34
-2.6 3.4000000000000004 0.1 22 28 21
-2.4000000000000004 3.4000000000000004 0.1 7 18 12
-2.3000000000000003 3.4000000000000004 0.1 19 28 21
3.142857142857143 1.2142857142857142 0.03571428571428571 196 83 33
3.103448275862069 1.1724137931034482 0.034482758620689655 191 81 34
13.700000000000001 3.4000000000000004 0.1 105 97 83
-12.200000000000001 3.3000000000000003 0.1 70 66 60
-4.583333333333333 2.75 0.08333333333333333 34 37 33
-2.6 3.3000000000000003 0.1 23 28 22
-2.4000000000000004 3.3000000000000003 0.1 6 16 10
-1.0 3.3000000000000003 0.1 11 20 15
8.0625 2.0625 0.0625 129 98 64
15.9 3.3000000000000003 0.1 133 116 103
16.0 3.3000000000000003 0.1 133 119 105
17.400000000000002 3.3000000000000003 0.1 135 119 104
-12.200000000000001 3.2 0.1 78 73 64
-4.583333333333333 2.6666666666666665 0.08333333333333333 46 47 47
-2.6 3.2 0.1 33 34 29
-2.4000000000000004 3.2 0.1 8 16 11
-2.2222222222222223 3.5555555555555554 0.1111111111111111 25 30 23
15.600000000000001 3.2 0.1 139 123 109
15.700000000000001 3.2 0.1 138 122 108
15.8 3.2 0.1 140 124 109
15.9 3.2 0.1 142 126 109
16.0 3.2 0.1 142 126 112
17.0 3.2 0.1 133 119 104
17.1 3.2 0.1 132 118 102
-12.200000000000001 3.1 0.1 77 73 64
-4.666666666666666 2.583333333333333 0.08333333333333333 49 53 48
-2.4000000000000004 3.1 0.1 2 13 5
-2.2222222222222223 3.444444444444444 0.1111111111111111 25 33 25
-0.5 5.166666666666666 0.16666666666666666 5 12 8
4.36 1.24 0.04 50 54 55
4.185185185185185 1.1481481481481481 0.037037037037037035 86 66 20
13.9 3.1 0.1 136 122 108
14.0 3.1 0.1 137 123 110
15.600000000000001 3.1 0.1 134 122 108
15.700000000000001 3.1 0.1 135 120 107
15.8 3.1 0.1 137 124 108
15.9 3.1 0.1 137 124 109
16.0 3.1 0.1 137 124 111
-12.200000000000001 3.0 0.1 77 72 62
-4.416666666666666 2.5 0.08333333333333333 61 60 53
-2.4000000000000004 3.0 0.1 2 13 8
-2.2222222222222223 3.333333333333333 0.1111111111111111 24 30 22
14.0 3.0 0.1 132 118 104
15.8 3.0 0.1 136 123 110
15.9 3.0 0.1 137 123 109
16.0 3.0 0.1 131 118 106
-6.9 2.9000000000000004 0.1 66 80 53
-6.090909090909091 2.6363636363636362 0.09090909090909091 89 101 86
-2.4000000000000004 2.9000000000000004 0.1 6 18 11
-2.2 2.9000000000000004 0.1 27 31 26
-2.2222222222222223 3.222222222222222 0.1111111111111111 25 32 23
-0.1 2.9000000000000004 0.1 30 34 25
2.714285714285714 1.0357142857142856 0.03571428571428571 210 99 55
4.0740740740740735 1.074074074074074 0.037037037037037035 30 37 24
4.111111111111111 1.074074074074074 0.037037037037037035 52 51 40
4.148148148148148 1.074074074074074 0.037037037037037035 48 49 35
4.071428571428571 1.0357142857142856 0.03571428571428571 56 44 28
14.200000000000001 2.9000000000000004 0.1 129 113 103
15.8 2.9000000000000004 0.1 137 124 108
15.9 2.9000000000000004 0.1 136 122 107
16.0 2.9000000000000004 0.1 133 117 107
-36.0 5.6000000000000005 0.2 9 16 15
-11.0 2.8000000000000003 0.1 73 69 60
-2.4000000000000004 2.8000000000000003 0.1 6 17 11
-0.1 2.8000000000000003 0.1 33 36 27
0.0 2.8000000000000003 0.1 34 36 25
0.1111111111111111 3.1111111111111107 0.1111111111111111 35 35 26
0.2222222222222222 3.1111111111111107 0.1111111111111111 27 31 23
0.3333333333333333 3.1111111111111107 0.1111111111111111 17 21 16
3.0357142857142856 1.0 0.03571428571428571 198 81 30
8.4 1.8666666666666667 0.06666666666666667 143 95 14
8.466666666666667 1.8666666666666667 0.06666666666666667 133 88 14
14.200000000000001 2.8000000000000003 0.1 131 116 105
19.0 2.8000000000000003 0.1 119 106 94
-10.9 2.7 0.1 65 63 53
0.0 3.0 0.1111111111111111 37 38 30
0.1111111111111111 3.0 0.1111111111111111 35 36 27
0.2222222222222222 3.0 0.1111111111111111 29 32 23
0.3333333333333333 3.0 0.1111111111111111 16 20 15
3.0357142857142856 0.9642857142857142 0.03571428571428571 197 81 28
8.266666666666666 1.8 0.06666666666666667 143 97 26
8.333333333333334 1.8 0.06666666666666667 140 91 22
14.100000000000001 2.7 0.1 131 117 103
16.400000000000002 2.7 0.1 132 114 107
-1.2000000000000002 2.6 0.1 24 23 18
0.0 2.888888888888889 0.1111111111111111 37 40 29
0.1111111111111111 2.888888888888889 0.1111111111111111 36 36 28
0.2222222222222222 2.888888888888889 0.1111111111111111 26 29 22
0.3333333333333333 2.888888888888889 0.1111111111111111 15 21 17
3.0357142857142856 0.9285714285714285 0.03571428571428571 198 80 31
3.7241379310344827 0.896551724137931 0.034482758620689655 41 34 27
16.1 2.6 0.1 133 119 106
17.0 2.6 0.1 134 121 106
17.2 2.6 0.1 133 118 106
-1.2000000000000002 2.5 0.1 24 23 20
0.1111111111111111 2.7777777777777777 0.1111111111111111 37 35 26
0.2222222222222222 2.7777777777777777 0.1111111111111111 30 31 22
3.0357142857142856 0.8928571428571428 0.03571428571428571 196 80 29
3.7241379310344827 0.8620689655172413 0.034482758620689655 43 26 23
16.0 2.5 0.1 138 123 109
16.1 2.5 0.1 134 120 106
16.400000000000002 2.5 0.1 131 118 103
-3.333333333333333 2.0 0.08333333333333333 9 18 15
0.0 2.6666666666666665 0.1111111111111111 39 39 29
0.1111111111111111 2.6666666666666665 0.1111111111111111 36 36 27
0.2222222222222222 2.6666666666666665 0.1111111111111111 26 28 23
3.0357142857142856 0.8571428571428571 0.03571428571428571 196 81 28
11.9 2.4000000000000004 0.1 87 19 12
16.0 2.4000000000000004 0.1 136 122 110
17.3 2.4000000000000004 0.1 108 105 86
-17.0 2.3000000000000003 0.1 31 48 49
-3.333333333333333 1.9166666666666665 0.08333333333333333 7 16 11
-0.1111111111111111 2.5555555555555554 0.1111111111111111 36 37 24
0.0 2.5555555555555554 0.1111111111111111 38 40 29
0.1111111111111111 2.5555555555555554 0.1111111111111111 35 36 26
0.2222222222222222 2.5555555555555554 0.1111111111111111 27 30 23
3.0357142857142856 0.8214285714285714 0.03571428571428571 194 80 28
11.9 2.3000000000000003 0.1 87 19 12
16.0 2.3000000000000003 0.1 135 121 109
17.3 2.3000000000000003 0.1 128 115 99
-17.0 2.2 0.1 29 44 46
-0.1111111111111111 2.444444444444444 0.1111111111111111 35 37 28
0.0 2.444444444444444 0.1111111111111111 38 39 30
0.1111111111111111 2.444444444444444 0.1111111111111111 37 36 28
3.0357142857142856 0.7857142857142857 0.03571428571428571 194 79 29
11.9 2.2 0.1 84 18 12
16.0 2.2 0.1 133 120 104
16.1 2.2 0.1 129 116 99
17.3 2.2 0.1 132 116 100
17.400000000000002 2.2 0.1 133 118 104
-17.0 2.1 0.1 28 43 42
-11.0 2.1 0.1 74 70 62
-8.0 2.333333333333333 0.1111111111111111 108 100 91
-2.444444444444444 2.333333333333333 0.1111111111111111 25 32 21
-0.1111111111111111 2.333333333333333 0.1111111111111111 36 36 27
0.0 2.333333333333333 0.1111111111111111 36 39 28
0.1111111111111111 2.333333333333333 0.1111111111111111 35 36 27
3.0357142857142856 0.75 0.03571428571428571 193 79 30
11.9 2.1 0.1 86 19 12
16.0 2.1 0.1 131 117 101
16.1 2.1 0.1 130 115 99
17.400000000000002 2.1 0.1 126 114 97
-11.0 2.0 0.1 65 64 54
-4.777777777777778 2.2222222222222223 0.1111111111111111 63 55 55
-0.1111111111111111 2.2222222222222223 0.1111111111111111 36 36 26
0.0 2.2222222222222223 0.1111111111111111 39 37 28
0.1111111111111111 2.2222222222222223 0.1111111111111111 38 36 25
0.2222222222222222 2.2222222222222223 0.1111111111111111 27 29 22
3.0357142857142856 0.7142857142857142 0.03571428571428571 193 80 29
115.0 20.0 1.0 78 13 8
11.9 2.0 0.1 86 18 13
16.0 2.0 0.1 129 116 102
16.1 2.0 0.1 128 115 97
-14.200000000000001 1.9000000000000001 0.1 26 32 29
-11.0 1.9000000000000001 0.1 73 67 62
-8.11111111111111 2.111111111111111 0.1111111111111111 110 100 93
-0.1111111111111111 2.111111111111111 0.1111111111111111 38 39 26
0.0 2.111111111111111 0.1111111111111111 39 40 29
0.1111111111111111 2.111111111111111 0.1111111111111111 36 37 28
0.2222222222222222 2.111111111111111 0.1111111111111111 25 29 23
0.3333333333333333 2.111111111111111 0.1111111111111111 12 18 15
2.5294117647058822 1.1176470588235294 0.058823529411764705 43 37 29
2.714285714285714 0.6785714285714285 0.03571428571428571 206 92 45
3.0357142857142856 0.6785714285714285 0.03571428571428571 192 81 30
11.9 1.9000000000000001 0.1 84 17 12
16.0 1.9000000000000001 0.1 134 119 104
-14.3 1.8 0.1 91 75 76
-14.200000000000001 1.8 0.1 96 80 81
-0.1111111111111111 2.0 0.1111111111111111 38 38 26
0.0 2.0 0.1111111111111111 39 38 28
0.1111111111111111 2.0 0.1111111111111111 37 36 25
0.2222222222222222 2.0 0.1111111111111111 27 31 23
0.3333333333333333 2.0 0.1111111111111111 15 21 15
2.714285714285714 0.6428571428571428 0.03571428571428571 208 93 46
16.0 1.8 0.1 133 122 106
-13.9 1.7000000000000002 0.1 128 113 109
-10.9 1.7000000000000002 0.1 73 70 61
-8.11111111111111 1.8888888888888888 0.1111111111111111 107 101 92
-0.1111111111111111 1.8888888888888888 0.1111111111111111 38 39 29
0.0 1.8888888888888888 0.1111111111111111 38 39 28
0.2222222222222222 1.8888888888888888 0.1111111111111111 27 28 23
0.3333333333333333 1.8888888888888888 0.1111111111111111 12 18 14
1.9375 1.0625 0.0625 47 46 28
2.714285714285714 0.6071428571428571 0.03571428571428571 207 91 44
16.0 1.7000000000000002 0.1 134 121 107
-13.9 1.6 0.1 95 101 96
-10.9 1.6 0.1 73 68 61
-8.11111111111111 1.7777777777777777 0.1111111111111111 103 97 87
-0.1111111111111111 1.7777777777777777 0.1111111111111111 38 39 28
0.0 1.7777777777777777 0.1111111111111111 38 41 32
0.1111111111111111 1.7777777777777777 0.1111111111111111 36 38 28
0.2222222222222222 1.7777777777777777 0.1111111111111111 28 32 24
0.3333333333333333 1.7777777777777777 0.1111111111111111 12 19 15
1.75 1.0 0.0625 35 38 31
1.8125 1.0 0.0625 35 36 28
1.875 1.0 0.0625 35 34 27
2.714285714285714 0.5714285714285714 0.03571428571428571 207 90 44
16.0 1.6 0.1 136 122 107
-13.9 1.5 0.1 88 95 91
-10.9 1.5 0.1 74 70 59
-8.11111111111111 1.6666666666666665 0.1111111111111111 111 99 93
-0.1111111111111111 1.6666666666666665 0.1111111111111111 39 40 29
0.0 1.6666666666666665 0.1111111111111111 39 39 29
0.1111111111111111 1.6666666666666665 0.1111111111111111 40 40 30
0.2222222222222222 1.6666666666666665 0.1111111111111111 38 37 29
2.714285714285714 0.5357142857142857 0.03571428571428571 205 89 40
16.0 1.5 0.1 133 122 107
-13.9 1.4000000000000001 0.1 79 87 84
-12.333333333333332 1.5555555555555554 0.1111111111111111 73 67 61
-10.9 1.4000000000000001 0.1 74 70 63
-0.18518518518518517 0.5185185185185185 0.037037037037037035 32 35 26
-0.1111111111111111 1.5555555555555554 0.1111111111111111 41 42 29
0.1111111111111111 1.5555555555555554 0.1111111111111111 61 54 44
0.2222222222222222 1.5555555555555554 0.1111111111111111 63 54 52
2.3448275862068964 0.48275862068965514 0.034482758620689655 198 85 34
2.714285714285714 0.5 0.03571428571428571 204 88 41
16.0 1.4000000000000001 0.1 134 122 108
-13.9 1.3 0.1 76 83 83
-12.333333333333332 1.4444444444444444 0.1111111111111111 74 70 63
-10.9 1.3 0.1 75 69 61
-0.18518518518518517 0.48148148148148145 0.037037037037037035 39 41 31
-0.1111111111111111 1.4444444444444444 0.1111111111111111 50 48 35
0.1 1.3 0.1 83 72 64
2.75 0.46428571428571425 0.03571428571428571 202 86 33
16.0 1.3 0.1 136 123 109
-13.9 1.2000000000000002 0.1 82 84 81
-12.333333333333332 1.3333333333333333 0.1111111111111111 73 71 61
-10.9 1.2000000000000002 0.1 75 69 62
-7.1000000000000005 1.2000000000000002 0.1 106 96 89
2.0 1.0909090909090908 0.09090909090909091 178 153 134
2.821428571428571 0.42857142857142855 0.03571428571428571 200 83 30
16.0 1.2000000000000002 0.1 137 123 108
-13.9 1.1 0.1 73 80 79
-10.9 1.1 0.1 70 70 61
115.0 11.0 1.0 80 13 8
16.0 1.1 0.1 136 122 108
-13.9 1.0 0.1 74 83 80
-5.333333333333333 0.8333333333333333 0.08333333333333333 181 161 159
2.0 0.3571428571428571 0.03571428571428571 157 70 32
2.75 0.3571428571428571 0.03571428571428571 203 85 33
115.0 10.0 1.0 78 13 10
16.0 1.0 0.1 135 122 107
-183.0 9.0 1.0 8 15 12
-16.5 0.9 0.1 35 50 53
2.0 0.5625 0.0625 73 86 54
2.7777777777777777 0.3333333333333333 0.037037037037037035 205 87 37
2.75 0.3214285714285714 0.03571428571428571 204 85 34
115.0 9.0 1.0 80 14 10
7.8125 0.5625 0.0625 80 41 30
16.0 0.9 0.1 138 124 108
-183.0 8.0 1.0 10 16 14
-10.11111111111111 0.8888888888888888 0.1111111111111111 159 146 149
0.0 0.8888888888888888 0.1111111111111111 56 60 42
1.9375 0.5 0.0625 67 71 54
2.0 0.5 0.0625 82 82 62
2.75 0.2857142857142857 0.03571428571428571 201 84 33
7.8125 0.5 0.0625 89 55 45
16.0 0.8 0.1 139 124 111
-11.0 0.7000000000000001 0.1 83 78 73
-10.9 0.7000000000000001 0.1 89 81 77
-10.8 0.7000000000000001 0.1 94 84 82
-10.0 0.7777777777777777 0.1111111111111111 192 158 145
1.9375 0.4375 0.0625 84 83 65
2.75 0.25 0.03571428571428571 200 83 33
16.0 0.7000000000000001 0.1 139 124 111
-10.8 0.6000000000000001 0.1 114 106 105
-10.0 0.6666666666666666 0.1111111111111111 231 223 204
-3.75 0.5 0.08333333333333333 8 18 13
-3.6666666666666665 0.5 0.08333333333333333 9 24 16
-3.583333333333333 0.5 0.08333333333333333 10 23 16
-3.153846153846154 0.46153846153846156 0.07692307692307693 8 23 11
-1.0833333333333333 0.25 0.041666666666666664 79 77 67
0.43333333333333335 0.2 0.03333333333333333 12 22 14
0.4666666666666667 0.2 0.03333333333333333 21 31 20
2.75 0.21428571428571427 0.03571428571428571 200 83 31
-11.222222222222221 0.5555555555555556 0.1111111111111111 10 24 12
-10.0 0.5555555555555556 0.1111111111111111 180 158 93
-1.0833333333333333 0.20833333333333331 0.041666666666666664 79 74 69
1.4 0.16666666666666666 0.03333333333333333 165 157 130
1.4333333333333333 0.16666666666666666 0.03333333333333333 161 127 117
1.4666666666666666 0.16666666666666666 0.03333333333333333 112 99 81
2.75 0.17857142857142855 0.03571428571428571 199 83 32
14.700000000000001 0.5 0.1 130 117 100
-11.222222222222221 0.4444444444444444 0.1111111111111111 10 21 11
-10.0 0.4444444444444444 0.1111111111111111 143 90 52
-8.666666666666666 0.4444444444444444 0.1111111111111111 82 79 74
-7.6000000000000005 0.4 0.1 43 62 40
1.4 0.13333333333333333 0.03333333333333333 184 165 136
1.4333333333333333 0.13333333333333333 0.03333333333333333 180 158 132
1.4666666666666666 0.13333333333333333 0.03333333333333333 179 156 133
1.5 0.13333333333333333 0.03333333333333333 178 154 129
14.600000000000001 0.4 0.1 136 108 82
-11.222222222222221 0.3333333333333333 0.1111111111111111 5 17 9
-3.833333333333333 0.25 0.08333333333333333 18 26 21
1.4333333333333333 0.1 0.03333333333333333 180 162 131
1.4666666666666666 0.1 0.03333333333333333 181 164 133
14.4 0.30000000000000004 0.1 177 82 44
-181.0 2.0 1.0 9 16 13
-14.200000000000001 0.2 0.1 110 103 95
-11.222222222222221 0.2222222222222222 0.1111111111111111 13 20 9
-181.0 1.0 1.0 9 15 12
-14.200000000000001 0.1 0.1 112 104 96
-11.222222222222221 0.1111111111111111 0.1111111111111111 18 23 12
1.9655172413793103 0.034482758620689655 0.034482758620689655 191 84 36
2.0666666666666664 0.03333333333333333 0.03333333333333333 198 88 43
2.1 0.03333333333333333 0.03333333333333333 198 87 40
2.1333333333333333 0.03333333333333333 0.03333333333333333 201 90 42
12.25 0.08333333333333333 0.08333333333333333 181 80 39
-11.222222222222221 -0.0 0.1111111111111111 14 18 8
-1.5357142857142856 -0.0 0.03571428571428571 13 22 17
0.4 -0.0 0.05 140 113 114
2.033333333333333 -0.0 0.03333333333333333 197 86 38
2.0666666666666664 -0.0 0.03333333333333333 199 90 40
2.1 -0.0 0.03333333333333333 199 88 41
2.1333333333333333 -0.0 0.03333333333333333 200 90 42
2.1666666666666665 -0.0 0.03333333333333333 202 89 42
2.2 -0.0 0.03333333333333333 202 90 42
2.2333333333333334 -0.0 0.03333333333333333 205 91 42
2.2666666666666666 -0.0 0.03333333333333333 208 94 45
12.25 -0.0 0.08333333333333333 179 81 43
-89.5 -0.5 0.5 9 15 13
2.1666666666666665 -0.03333333333333333 0.03333333333333333 201 90 40
2.2 -0.03333333333333333 0.03333333333333333 203 92 41
2.2333333333333334 -0.03333333333333333 0.03333333333333333 204 90 39
2.2666666666666666 -0.03333333333333333 0.03333333333333333 206 94 42
2.3 -0.03333333333333333 0.03333333333333333 206 92 40
12.25 -0.08333333333333333 0.08333333333333333 151 82 57
-16.3 -0.2 0.1 27 39 41
-10.0 -0.2222222222222222 0.1111111111111111 58 38 32
-1.0 -0.09523809523809523 0.047619047619047616 224 201 184
0.42857142857142855 -0.09523809523809523 0.047619047619047616 167 153 135
2.2333333333333334 -0.06666666666666667 0.03333333333333333 204 90 40
2.2666666666666666 -0.06666666666666667 0.03333333333333333 207 92 41
2.3 -0.06666666666666667 0.03333333333333333 207 90 40
3.6999999999999997 -0.06666666666666667 0.03333333333333333 80 20 14
-16.400000000000002 -0.30000000000000004 0.1 27 42 44
-10.600000000000001 -0.30000000000000004 0.1 60 62 56
-10.3 -0.30000000000000004 0.1 33 30 21
-10.11111111111111 -0.3333333333333333 0.1111111111111111 65 41 36
-1.0 -0.14285714285714285 0.047619047619047616 229 203 188
0.38095238095238093 -0.14285714285714285 0.047619047619047616 158 145 132
2.2666666666666666 -0.1 0.03333333333333333 206 93 42
17.0 -0.30000000000000004 0.1 134 119 99
-16.400000000000002 -0.4 0.1 25 42 45
-10.700000000000001 -0.4 0.1 58 62 58
-10.600000000000001 -0.4 0.1 66 63 60
-10.5 -0.4 0.1 30 31 22
-10.4 -0.4 0.1 28 28 15
-10.3 -0.4 0.1 36 32 23
-2.0 -0.19047619047619047 0.047619047619047616 41 37 33
-1.0 -0.19047619047619047 0.047619047619047616 234 208 193
0.3333333333333333 -0.19047619047619047 0.047619047619047616 171 154 140
0.9666666666666667 -0.13333333333333333 0.03333333333333333 138 115 104
-16.400000000000002 -0.5 0.1 23 41 40
-10.700000000000001 -0.5 0.1 96 87 92
-10.600000000000001 -0.5 0.1 63 60 59
-10.5 -0.5 0.1 36 35 27
-10.4 -0.5 0.1 30 30 16
-10.3 -0.5 0.1 37 33 23
-1.85 -0.25 0.05 176 162 150
-1.0476190476190474 -0.23809523809523808 0.047619047619047616 234 214 200
0.3333333333333333 -0.23809523809523808 0.047619047619047616 183 166 149
1.0 -0.16666666666666666 0.03333333333333333 14 25 8
8.5625 -0.3125 0.0625 102 94 83
11.307692307692308 -0.38461538461538464 0.07692307692307693 118 108 95
18.400000000000002 -0.5 0.1 127 115 101
-16.400000000000002 -0.6000000000000001 0.1 17 36 36
-10.700000000000001 -0.6000000000000001 0.1 57 63 52
-10.600000000000001 -0.6000000000000001 0.1 61 61 57
-10.5 -0.6000000000000001 0.1 40 40 32
-10.4 -0.6000000000000001 0.1 27 29 16
-10.3 -0.6000000000000001 0.1 31 29 21
-1.85 -0.30000000000000004 0.05 183 169 157
-1.0476190476190474 -0.2857142857142857 0.047619047619047616 234 214 200
0.2857142857142857 -0.2857142857142857 0.047619047619047616 187 173 155
8.5625 -0.375 0.0625 65 74 55
-16.400000000000002 -0.7000000000000001 0.1 20 35 36
-10.700000000000001 -0.7000000000000001 0.1 71 67 68
-10.600000000000001 -0.7000000000000001 0.1 93 84 83
-10.5 -0.7000000000000001 0.1 69 59 58
-10.4 -0.7000000000000001 0.1 10 17 4
-10.3 -0.7000000000000001 0.1 29 29 21
-1.0476190476190474 -0.3333333333333333 0.047619047619047616 234 217 203
0.2857142857142857 -0.3333333333333333 0.047619047619047616 190 172 156
1.0333333333333332 -0.23333333333333334 0.03333333333333333 53 53 41
6.428571428571428 -0.25 0.03571428571428571 154 106 78
18.5 -0.7000000000000001 0.1 121 109 93
-22.375 -1.0 0.125 8 14 12
-16.2 -0.8 0.1 17 28 24
-13.5 -0.8 0.1 5 13 4
-10.600000000000001 -0.8 0.1 98 96 84
-10.5 -0.8 0.1 78 69 63
-10.4 -0.8 0.1 19 26 10
-10.3 -0.8 0.1 34 36 24
-1.0476190476190474 -0.38095238095238093 0.047619047619047616 238 228 216
0.23809523809523808 -0.38095238095238093 0.047619047619047616 198 170 157
1.0333333333333332 -0.26666666666666666 0.03333333333333333 51 52 38
3.3333333333333335 -0.26666666666666666 0.03333333333333333 26 51 46
3.3666666666666667 -0.26666666666666666 0.03333333333333333 49 62 64
-16.2 -0.9 0.1 10 23 19
-13.5 -0.9 0.1 69 62 62
-10.600000000000001 -0.9 0.1 110 100 92
-10.5 -0.9 0.1 105 90 87
-10.4 -0.9 0.1 94 78 79
-10.3 -0.9 0.1 99 82 82
-10.200000000000001 -0.9 0.1 98 81 83
-2.1 -0.45 0.05 87 93 86
-2.0500000000000003 -0.45 0.05 166 161 147
-1.0476190476190474 -0.42857142857142855 0.047619047619047616 242 237 225
3.3333333333333335 -0.3 0.03333333333333333 28 50 43
3.3666666666666667 -0.3 0.03333333333333333 48 61 64
8.5625 -0.5625 0.0625 6 27 11
14.600000000000001 -0.9 0.1 123 114 101
-180.0 -10.0 1.0 9 15 13
-11.9 -1.0 0.1 83 78 71
-10.5 -1.0 0.1 92 87 79
-5.416666666666666 -0.8333333333333333 0.08333333333333333 79 75 66
-5.333333333333333 -0.8333333333333333 0.08333333333333333 83 77 72
-2.3461538461538463 -0.38461538461538464 0.038461538461538464 33 33 31
-2.307692307692308 -0.38461538461538464 0.038461538461538464 6 16 12
3.2857142857142856 -0.3571428571428571 0.03571428571428571 133 57 23
14.700000000000001 -1.0 0.1 119 107 94
9.0 -0.5555555555555556 0.05555555555555555 131 120 105
-180.0 -11.0 1.0 10 18 14
-34.0 -2.75 0.25 36 48 34
3.25 -0.39285714285714285 0.03571428571428571 139 57 20
14.700000000000001 -1.1 0.1 127 112 101
10.466666666666667 -0.7333333333333333 0.06666666666666667 135 121 107
16.6 -1.1 0.1 123 111 98
-180.0 -12.0 1.0 10 18 14
-16.2 -1.2000000000000002 0.1 10 22 18
7.866666666666666 -0.8 0.06666666666666667 38 61 31
14.700000000000001 -1.2000000000000002 0.1 132 118 104
16.6 -1.2000000000000002 0.1 129 113 104
14.166666666666666 -1.0 0.08333333333333333 115 110 93
-180.0 -13.0 1.0 11 17 14
-16.2 -1.3 0.1 9 20 18
0.42857142857142855 -0.6190476190476191 0.047619047619047616 245 214 195
3.214285714285714 -0.46428571428571425 0.03571428571428571 149 62 27
7.5 -0.8125 0.0625 81 70 69
6.526315789473684 -0.6842105263157894 0.05263157894736842 77 53 42
16.6 -1.3 0.1 127 112 101
15.272727272727273 -1.1818181818181819 0.09090909090909091 103 97 82
14.166666666666666 -1.0833333333333333 0.08333333333333333 111 100 87
-180.0 -14.0 1.0 10 17 13
-16.2 -1.4000000000000001 0.1 9 21 17
-25.5 -3.5 0.25 13 22 18
-8.090909090909092 -1.2727272727272727 0.09090909090909091 7 15 12
-19.75 -3.5 0.25 7 15 12
3.1785714285714284 -0.5 0.03571428571428571 153 64 25
5.5600000000000005 -0.56 0.04 160 80 27
16.6 -1.4000000000000001 0.1 128 116 102
14.166666666666666 -1.1666666666666665 0.08333333333333333 128 109 99
-16.2 -1.5 0.1 9 18 17
-20.25 -3.75 0.25 7 14 11
-20.0 -3.75 0.25 8 16 14
-19.75 -3.75 0.25 7 13 12
0.38095238095238093 -0.7142857142857142 0.047619047619047616 232 217 198
6.0476190476190474 -0.7142857142857142 0.047619047619047616 172 169 132
5.0740740740740735 -0.5555555555555556 0.037037037037037035 164 81 27
15.777777777777777 -1.6666666666666665 0.1111111111111111 161 81 33
-16.2 -1.6 0.1 9 19 16
1.0 -0.7272727272727273 0.045454545454545456 103 89 76
6.0476190476190474 -0.7619047619047619 0.047619047619047616 117 132 89
5.0740740740740735 -0.5925925925925926 0.037037037037037035 119 65 20
5.259259259259259 -0.5925925925925926 0.037037037037037035 165 82 32
9.866666666666667 -1.0666666666666667 0.06666666666666667 155 84 47
-16.2 -1.7000000000000002 0.1 11 23 18
-10.444444444444445 -1.8888888888888888 0.1111111111111111 13 22 17
-6.6000000000000005 -1.7000000000000002 0.1 10 18 14
0.23809523809523808 -0.8095238095238095 0.047619047619047616 184 164 148
0.9047619047619047 -0.8095238095238095 0.047619047619047616 115 103 87
1.0 -0.7391304347826086 0.043478260869565216 103 88 74
5.259259259259259 -0.6296296296296295 0.037037037037037035 151 81 30
-16.2 -1.8 0.1 10 20 17
1.0 -0.75 0.041666666666666664 121 104 94
7.75 -1.125 0.0625 7 29 10
-182.0 -19.0 1.0 12 19 15
-16.400000000000002 -1.9000000000000001 0.1 19 33 35
1.0384615384615385 -0.7307692307692308 0.038461538461538464 149 81 54
3.3333333333333335 -0.6333333333333333 0.03333333333333333 25 38 35
0.09523809523809523 -0.9523809523809523 0.047619047619047616 248 221 202
0.14285714285714285 -0.9523809523809523 0.047619047619047616 244 210 193
0.19047619047619047 -0.9523809523809523 0.047619047619047616 197 168 155
0.23809523809523808 -0.9523809523809523 0.047619047619047616 175 159 141
0.2857142857142857 -0.9523809523809523 0.047619047619047616 182 166 148
3.3333333333333335 -0.6666666666666666 0.03333333333333333 33 41 39
3.3666666666666667 -0.6666666666666666 0.03333333333333333 38 54 57
16.900000000000002 -2.0 0.1 118 107 90
17.0 -2.0 0.1 120 108 92
-16.6 -2.1 0.1 17 35 36
0.09523809523809523 -1.0 0.047619047619047616 247 223 202
0.14285714285714285 -1.0 0.047619047619047616 243 203 190
0.19047619047619047 -1.0 0.047619047619047616 183 158 148
0.23809523809523808 -1.0 0.047619047619047616 171 156 141
0.2857142857142857 -1.0 0.047619047619047616 176 159 144
3.3333333333333335 -0.7 0.03333333333333333 45 47 42
3.3666666666666667 -0.7 0.03333333333333333 37 52 54
8.375 -1.3125 0.0625 33 21 15
-16.6 -2.2 0.1 16 33 34
0.09523809523809523 -1.0476190476190474 0.047619047619047616 248 223 203
0.14285714285714285 -1.0476190476190474 0.047619047619047616 241 199 185
0.19047619047619047 -1.0476190476190474 0.047619047619047616 175 153 140
0.23809523809523808 -1.0476190476190474 0.047619047619047616 170 154 138
0.2857142857142857 -1.0476190476190474 0.047619047619047616 170 154 140
3.25 -0.7857142857142857 0.03571428571428571 147 60 23
3.4 -0.7333333333333333 0.03333333333333333 34 44 39
7.8125 -1.375 0.0625 90 45 35
8.375 -1.375 0.0625 62 16 16
8.4375 -1.375 0.0625 42 21 11
8.5 -1.375 0.0625 10 25 9
8.61111111111111 -1.222222222222222 0.05555555555555555 139 102 75
-16.6 -2.3000000000000003 0.1 16 30 32
-6.6000000000000005 -2.3000000000000003 0.1 85 83 74
-6.0 -2.875 0.125 214 200 183
0.09523809523809523 -1.0952380952380951 0.047619047619047616 250 222 203
0.14285714285714285 -1.0952380952380951 0.047619047619047616 234 192 180
0.19047619047619047 -1.0952380952380951 0.047619047619047616 167 148 136
0.23809523809523808 -1.0952380952380951 0.047619047619047616 169 154 141
3.25 -0.8214285714285714 0.03571428571428571 148 62 24
7.8125 -1.4375 0.0625 82 39 26
8.3125 -1.4375 0.0625 104 59 61
8.375 -1.4375 0.0625 50 7 7
8.4375 -1.4375 0.0625 48 25 18
8.5 -1.4375 0.0625 8 29 10
8.625 -1.4375 0.0625 8 28 14
9.0 -1.3529411764705883 0.058823529411764705 126 112 95
8.61111111111111 -1.2777777777777777 0.05555555555555555 126 112 92
8.263157894736842 -1.2105263157894737 0.05263157894736842 132 111 86
-16.6 -2.4000000000000004 0.1 16 32 32
-16.11111111111111 -2.6666666666666665 0.1111111111111111 13 20 16
-6.6000000000000005 -2.4000000000000004 0.1 92 86 78
0.09523809523809523 -1.1428571428571428 0.047619047619047616 252 225 204
0.14285714285714285 -1.1428571428571428 0.047619047619047616 229 186 174
0.19047619047619047 -1.1428571428571428 0.047619047619047616 166 150 137
0.23809523809523808 -1.1428571428571428 0.047619047619047616 170 155 142
2.307692307692308 -0.9230769230769231 0.038461538461538464 203 93 45
3.25 -0.8571428571428571 0.03571428571428571 148 62 23
8.25 -1.5 0.0625 93 55 50
8.3125 -1.5 0.0625 98 56 55
8.375 -1.5 0.0625 55 8 8
8.4375 -1.5 0.0625 46 23 16
8.5 -1.5 0.0625 10 27 11
8.625 -1.5 0.0625 7 26 14
8.263157894736842 -1.263157894736842 0.05263157894736842 121 108 90
6.958333333333333 -1.0 0.041666666666666664 160 79 31
-16.6 -2.5 0.1 15 31 31
-16.11111111111111 -2.7777777777777777 0.1111111111111111 13 20 15
-4.846153846153847 -1.9230769230769231 0.07692307692307693 85 83 71
0.09523809523809523 -1.1904761904761905 0.047619047619047616 253 229 206
0.14285714285714285 -1.1904761904761905 0.047619047619047616 221 180 168
0.23809523809523808 -1.1904761904761905 0.047619047619047616 176 157 144
2.3461538461538463 -0.9615384615384616 0.038461538461538464 202 92 44
2.333333333333333 -0.9259259259259258 0.037037037037037035 202 90 44
3.25 -0.8928571428571428 0.03571428571428571 150 61 23
8.375 -1.5625 0.0625 54 17 12
8.625 -1.5625 0.0625 7 26 11
9.0 -1.4705882352941175 0.058823529411764705 95 90 73
8.263157894736842 -1.3157894736842104 0.05263157894736842 103 96 78
18.8 -2.5 0.1 117 103 92
0.047619047619047616 -1.2380952380952381 0.047619047619047616 252 234 212
0.09523809523809523 -1.2380952380952381 0.047619047619047616 254 228 205
0.14285714285714285 -1.2380952380952381 0.047619047619047616 230 187 173
2.36 -1.04 0.04 203 92 44
2.333333333333333 -0.9629629629629629 0.037037037037037035 200 88 42
3.25 -0.9285714285714285 0.03571428571428571 149 63 24
8.5625 -1.625 0.0625 7 25 10
9.5 -1.625 0.0625 78 77 62
-14.9 -2.7 0.1 6 14 11
-16.11111111111111 -3.0 0.1111111111111111 13 21 16
0.0 -1.2857142857142856 0.047619047619047616 241 216 195
0.09523809523809523 -1.2857142857142856 0.047619047619047616 236 209 190
0.14285714285714285 -1.2857142857142856 0.047619047619047616 229 196 179
2.3703703703703702 -1.0 0.037037037037037035 200 90 42
8.5625 -1.6875 0.0625 8 27 11
12.25 -2.25 0.08333333333333333 59 60 44
31.5 -4.5 0.16666666666666666 135 113 86
-14.9 -2.8000000000000003 0.1 6 15 13
-14.700000000000001 -2.8000000000000003 0.1 15 23 18
-14.222222222222221 -3.1111111111111107 0.1111111111111111 33 41 29
-9.700000000000001 -2.8000000000000003 0.1 66 68 48
-7.0 -2.8000000000000003 0.1 75 73 55
-6.6000000000000005 -2.8000000000000003 0.1 75 75 54
2.4074074074074074 -1.037037037037037 0.037037037037037035 198 89 40
12.25 -2.333333333333333 0.08333333333333333 66 60 45
-14.8 -2.9000000000000004 0.1 80 66 66
-14.100000000000001 -2.9000000000000004 0.1 109 104 88
-6.416666666666666 -2.4166666666666665 0.08333333333333333 19 22 20
-6.333333333333333 -2.4166666666666665 0.08333333333333333 8 16 12
-6.6000000000000005 -2.9000000000000004 0.1 80 72 62
2.9285714285714284 -1.0357142857142856 0.03571428571428571 178 79 34
9.75 -1.8125 0.0625 62 61 46
-6.416666666666666 -2.5 0.08333333333333333 5 8 6
-6.333333333333333 -2.5 0.08333333333333333 18 25 24
-2.631578947368421 -1.5789473684210527 0.05263157894736842 219 200 185
2.9285714285714284 -1.0714285714285714 0.03571428571428571 179 79 33
8.8125 -1.875 0.0625 5 20 8
89.5 -15.0 0.5 135 115 90
90.0 -15.0 0.5 136 114 86
-6.416666666666666 -2.583333333333333 0.08333333333333333 1 7 2
-6.333333333333333 -2.583333333333333 0.08333333333333333 19 22 24
-6.25 -2.583333333333333 0.08333333333333333 11 22 15
-6.166666666666666 -2.583333333333333 0.08333333333333333 62 64 53
-4.714285714285714 -2.214285714285714 0.07142857142857142 82 75 61
-4.642857142857142 -2.214285714285714 0.07142857142857142 82 75 61
-2.631578947368421 -1.631578947368421 0.05263157894736842 216 202 187
2.964285714285714 -1.107142857142857 0.03571428571428571 176 76 31
9.2 -2.0666666666666664 0.06666666666666667 7 26 12
8.8125 -1.9375 0.0625 6 20 10
14.700000000000001 -3.1 0.1 66 61 48
15.181818181818182 -2.8181818181818183 0.09090909090909091 93 90 72
89.5 -15.5 0.5 129 115 92
90.0 -15.5 0.5 131 118 94
46.0 -7.75 0.25 139 112 82
37.2 -6.2 0.2 144 91 60
-12.0 -4.0 0.125 88 81 67
-11.875 -4.0 0.125 88 79 63
-6.416666666666666 -2.6666666666666665 0.08333333333333333 7 13 11
-6.333333333333333 -2.6666666666666665 0.08333333333333333 13 20 18
-6.25 -2.6666666666666665 0.08333333333333333 26 34 26
-6.166666666666666 -2.6666666666666665 0.08333333333333333 86 82 72
-6.083333333333333 -2.6666666666666665 0.08333333333333333 72 68 55
-4.714285714285714 -2.2857142857142856 0.07142857142857142 94 83 71
-4.642857142857142 -2.2857142857142856 0.07142857142857142 91 80 67
-2.5500000000000003 -1.6 0.05 227 210 194
2.608695652173913 -1.391304347826087 0.043478260869565216 200 125 88
8.6875 -2.0 0.0625 5 23 10
8.8125 -2.0 0.0625 5 19 8
14.700000000000001 -3.2 0.1 67 61 46
15.181818181818182 -2.909090909090909 0.09090909090909091 77 75 59
89.5 -16.0 0.5 127 114 96
45.75 -8.0 0.25 131 116 95
46.0 -8.0 0.25 133 119 96
26.857142857142854 -4.571428571428571 0.14285714285714285 142 106 76
-12.0 -4.125 0.125 96 85 72
-11.875 -4.125 0.125 95 85 69
-11.75 -4.125 0.125 95 84 69
-6.333333333333333 -2.75 0.08333333333333333 9 20 12
-6.25 -2.75 0.08333333333333333 52 55 41
-6.166666666666666 -2.75 0.08333333333333333 93 85 71
-6.083333333333333 -2.75 0.08333333333333333 70 68 49
-4.714285714285714 -2.357142857142857 0.07142857142857142 97 88 74
-4.642857142857142 -2.357142857142857 0.07142857142857142 97 85 73
-2.6 -1.6500000000000001 0.05 207 197 178
2.5172413793103448 -1.1379310344827587 0.034482758620689655 181 83 36
8.6875 -2.0625 0.0625 5 22 10
8.8125 -2.0625 0.0625 4 20 9
16.6 -3.3000000000000003 0.1 68 64 48
89.5 -16.5 0.5 127 113 95
37.0 -6.6000000000000005 0.2 133 119 97
-12.0 -4.25 0.125 98 87 72
-6.333333333333333 -2.833333333333333 0.08333333333333333 13 25 14
-6.25 -2.833333333333333 0.08333333333333333 88 83 68
-6.166666666666666 -2.833333333333333 0.08333333333333333 105 90 80
-6.083333333333333 -2.833333333333333 0.08333333333333333 95 84 68
-5.666666666666666 -2.833333333333333 0.08333333333333333 98 89 72
-4.642857142857142 -2.4285714285714284 0.07142857142857142 98 88 70
-2.6 -1.7000000000000002 0.05 223 212 197
2.52 -1.36 0.04 165 136 108
2.4827586206896552 -1.1724137931034482 0.034482758620689655 178 80 38
8.6875 -2.125 0.0625 5 22 11
8.8125 -2.125 0.0625 5 19 8
14.600000000000001 -3.4000000000000004 0.1 65 61 47
16.6 -3.4000000000000004 0.1 66 62 49
27.0 -4.857142857142857 0.14285714285714285 132 116 97
-12.125 -4.375 0.125 86 81 64
-12.0 -4.375 0.125 90 83 69
-6.333333333333333 -2.9166666666666665 0.08333333333333333 26 35 24
-6.25 -2.9166666666666665 0.08333333333333333 95 89 74
-6.166666666666666 -2.9166666666666665 0.08333333333333333 83 78 63
9.2 -2.3333333333333335 0.06666666666666667 7 26 13
8.75 -2.1875 0.0625 6 21 10
8.8125 -2.1875 0.0625 5 18 8
8.875 -2.1875 0.0625 22 40 21
14.600000000000001 -3.5 0.1 65 61 47
27.0 -5.0 0.14285714285714285 120 109 91
-24.0 -6.0 0.16666666666666666 72 71 59
-12.125 -4.5 0.125 67 72 50
-12.0 -4.5 0.125 70 74 52
-6.25 -3.0 0.08333333333333333 77 79 62
-6.800000000000001 -3.6 0.1 67 70 48
-2.7 -1.8 0.05 124 126 113
3.875 -2.25 0.0625 156 141 123
3.9375 -2.25 0.0625 150 137 117
3.6071428571428568 -1.2857142857142856 0.03571428571428571 92 40 16
3.714285714285714 -1.2857142857142856 0.03571428571428571 55 40 27
9.2 -2.4 0.06666666666666667 7 24 11
8.75 -2.25 0.0625 5 22 11
8.8125 -2.25 0.0625 4 19 8
8.875 -2.25 0.0625 17 34 16
14.600000000000001 -3.6 0.1 64 58 45
-10.555555555555555 -4.111111111111111 0.1111111111111111 176 143 146
-7.5 -3.083333333333333 0.08333333333333333 161 132 134
-9.0 -4.625 0.125 123 106 109
-6.800000000000001 -3.7 0.1 114 100 100
-2.033333333333333 -1.2333333333333334 0.03333333333333333 76 64 67
-2.0 -1.2333333333333334 0.03333333333333333 9 16 11
-1.9666666666666666 -1.2333333333333334 0.03333333333333333 21 27 27
-1.9333333333333333 -1.2333333333333334 0.03333333333333333 11 23 17
-1.9 -1.2333333333333334 0.03333333333333333 41 50 40
3.875 -2.3125 0.0625 150 138 119
3.6071428571428568 -1.3214285714285714 0.03571428571428571 96 39 17
3.642857142857143 -1.3214285714285714 0.03571428571428571 89 37 18
11.25 -3.083333333333333 0.08333333333333333 8 33 14
-182.0 -38.0 1.0 16 23 18
-8.363636363636363 -3.4545454545454546 0.09090909090909091 161 150 138
-7.5 -3.1666666666666665 0.08333333333333333 155 144 132
-5.5 -3.1666666666666665 0.08333333333333333 112 105 98
-2.033333333333333 -1.2666666666666666 0.03333333333333333 79 69 69
-2.0 -1.2666666666666666 0.03333333333333333 7 15 9
-1.9666666666666666 -1.2666666666666666 0.03333333333333333 22 28 25
-1.9333333333333333 -1.2666666666666666 0.03333333333333333 10 22 17
-1.9 -1.2666666666666666 0.03333333333333333 40 52 42
3.6071428571428568 -1.357142857142857 0.03571428571428571 99 44 21
3.642857142857143 -1.357142857142857 0.03571428571428571 92 42 22
-9.4 -3.9000000000000004 0.1 151 145 132
-8.363636363636363 -3.5454545454545454 0.09090909090909091 147 140 128
-7.5 -3.25 0.08333333333333333 143 136 121
-5.583333333333333 -3.25 0.08333333333333333 107 103 93
-2.033333333333333 -1.3 0.03333333333333333 76 70 68
-2.0 -1.3 0.03333333333333333 8 16 9
-1.9666666666666666 -1.3 0.03333333333333333 20 27 23
-1.9333333333333333 -1.3 0.03333333333333333 10 20 15
3.875 -2.4375 0.0625 153 140 121
3.6071428571428568 -1.3928571428571428 0.03571428571428571 104 49 21
6.9375 -2.4375 0.0625 9 24 15
-8.454545454545455 -3.6363636363636367 0.09090909090909091 141 133 122
-7.583333333333333 -3.333333333333333 0.08333333333333333 134 127 115
-7.5 -3.333333333333333 0.08333333333333333 135 128 118
-5.0769230769230775 -3.076923076923077 0.07692307692307693 99 96 89
-2.0 -1.3333333333333333 0.03333333333333333 9 16 11
-1.9666666666666666 -1.3333333333333333 0.03333333333333333 18 26 23
4.0625 -2.5 0.0625 148 136 118
3.6071428571428568 -1.4285714285714284 0.03571428571428571 110 47 22
6.9375 -2.5 0.0625 9 23 13
10.538461538461538 -3.076923076923077 0.07692307692307693 5 25 10
14.5 -4.0 0.1 50 49 35
16.6 -4.0 0.1 53 53 40
-117.0 -41.0 1.0 109 108 92
-7.583333333333333 -3.4166666666666665 0.08333333333333333 93 98 81
-7.5 -3.4166666666666665 0.08333333333333333 92 97 80
-7.416666666666666 -3.4166666666666665 0.08333333333333333 55 62 48
-5.0769230769230775 -3.153846153846154 0.07692307692307693 73 78 63
4.0625 -2.5625 0.0625 147 133 113
3.6071428571428568 -1.4642857142857142 0.03571428571428571 102 67 30
6.9375 -2.5625 0.0625 10 24 16
10.538461538461538 -3.153846153846154 0.07692307692307693 6 26 10
19.0 -4.1000000000000005 0.1 75 75 63
4.0625 -2.625 0.0625 139 128 107
3.6071428571428568 -1.5 0.03571428571428571 60 41 27
7.642857142857142 -3.0 0.07142857142857142 7 31 13
6.9375 -2.625 0.0625 9 24 14
10.538461538461538 -3.230769230769231 0.07692307692307693 5 24 10
10.357142857142856 -3.0 0.07142857142857142 61 58 45
-26.5 -10.75 0.25 77 76 69
-12.5 -5.375 0.125 80 79 69
-5.666666666666666 -3.583333333333333 0.08333333333333333 79 76 67
-4.125 -2.6875 0.0625 77 77 70
-4.642857142857142 -3.071428571428571 0.07142857142857142 76 74 66
4.1875 -2.6875 0.0625 132 122 101
3.714285714285714 -1.5357142857142856 0.03571428571428571 12 27 14
10.538461538461538 -3.307692307692308 0.07692307692307693 4 22 11
10.785714285714285 -3.071428571428571 0.07142857142857142 58 54 42
-15.600000000000001 -4.4 0.1 18 26 19
-15.5 -4.4 0.1 20 28 21
-15.4 -4.4 0.1 27 37 28
-15.3 -4.4 0.1 38 43 33
-15.200000000000001 -4.4 0.1 45 51 41
-55.0 -22.0 0.5 75 72 63
-54.5 -22.0 0.5 73 72 63
-4.125 -2.75 0.0625 79 76 68
-3.5 -2.444444444444444 0.05555555555555555 79 75 67
-1.9666666666666666 -1.4666666666666666 0.03333333333333333 18 27 24
4.1875 -2.75 0.0625 95 91 69
9.5 -3.142857142857143 0.07142857142857142 6 29 11
19.0 -4.4 0.1 82 81 68
-15.700000000000001 -4.5 0.1 19 26 20
-15.600000000000001 -4.5 0.1 15 24 20
-15.5 -4.5 0.1 17 26 20
-15.4 -4.5 0.1 20 32 27
-15.3 -4.5 0.1 26 34 28
-29.0 -11.25 0.25 74 73 66
-56.0 -22.5 0.5 74 72 64
-55.5 -22.5 0.5 73 71 61
-55.0 -22.5 0.5 73 72 65
-54.5 -22.5 0.5 74 73 63
-4.1875 -2.8125 0.0625 74 74 64
-4.125 -2.8125 0.0625 76 76 68
-3.5 -2.5 0.05555555555555555 77 74 67
4.25 -2.8125 0.0625 71 73 50
5.4 -3.0 0.06666666666666667 29 30 20
6.9375 -2.8125 0.0625 8 33 14
7.0 -2.8125 0.0625 8 33 14
7.1875 -2.8125 0.0625 9 47 14
9.5 -3.214285714285714 0.07142857142857142 7 30 11
9.0625 -2.8125 0.0625 28 32 20
19.0 -4.5 0.1 103 93 82
-15.5 -4.6000000000000005 0.1 22 28 22
-15.4 -4.6000000000000005 0.1 19 28 22
-7.416666666666666 -3.833333333333333 0.08333333333333333 60 60 53
-7.333333333333333 -3.833333333333333 0.08333333333333333 44 46 41
-3.6666666666666665 -2.5555555555555554 0.05555555555555555 58 62 52
4.25 -2.875 0.0625 66 62 46
4.3125 -2.875 0.0625 64 61 44
7.9375 -2.875 0.0625 62 107 63
8.5625 -2.875 0.0625 5 23 10
9.0 -2.875 0.0625 33 36 24
9.0625 -2.875 0.0625 31 33 21
-51.0 -23.5 0.5 11 29 16
-7.416666666666666 -3.9166666666666665 0.08333333333333333 9 27 13
-7.333333333333333 -3.9166666666666665 0.08333333333333333 12 26 17
-5.214285714285714 -3.3571428571428568 0.07142857142857142 8 27 10
-3.6666666666666665 -2.611111111111111 0.05555555555555555 11 29 16
5.1875 -2.9375 0.0625 36 38 25
8.5625 -2.9375 0.0625 8 20 11
8.9375 -2.9375 0.0625 33 34 23
9.0 -2.9375 0.0625 29 35 22
9.0625 -2.9375 0.0625 33 38 25
-15.200000000000001 -4.800000000000001 0.1 6 14 12
-51.0 -24.0 0.5 6 14 11
-3.722222222222222 -2.6666666666666665 0.05555555555555555 7 14 11
-3.6666666666666665 -2.6666666666666665 0.05555555555555555 8 17 12
7.75 -3.0 0.0625 101 89 75
8.5625 -3.0 0.0625 19 24 16
9.0 -3.0 0.0625 52 51 39
9.0625 -3.0 0.0625 57 55 40
19.1 -4.800000000000001 0.1 48 45 39
-183.0 -49.0 1.0 7 15 14
-12.333333333333332 -4.083333333333333 0.08333333333333333 7 17 12
-51.0 -24.5 0.5 6 13 12
-12.333333333333332 -8.166666666666666 0.16666666666666666 7 15 12
-12.166666666666666 -8.166666666666666 0.16666666666666666 6 13 9
-8.75 -6.125 0.125 7 15 13
8.6875 -3.0625 0.0625 47 43 23
8.875 -3.0625 0.0625 52 48 31
9.0625 -3.0625 0.0625 51 50 29
15.636363636363637 -4.454545454545455 0.09090909090909091 81 76 59
19.1 -4.9 0.1 50 46 38
-12.166666666666666 -8.333333333333332 0.16666666666666666 6 13 10
-12.0 -8.333333333333332 0.16666666666666666 8 16 13
-1.7619047619047619 -2.380952380952381 0.047619047619047616 211 204 189
7.625 -3.125 0.0625 61 58 35
8.5625 -3.125 0.0625 44 40 23
8.875 -3.125 0.0625 50 47 27
8.9375 -3.125 0.0625 50 45 26
19.1 -5.0 0.1 50 45 38
-5.8500000000000005 -2.5500000000000003 0.05 7 13 10
-8.625 -6.375 0.125 7 15 11
-1.7619047619047619 -2.4285714285714284 0.047619047619047616 212 202 188
19.1 -5.1000000000000005 0.1 50 46 38
-31.5 -13.0 0.25 7 15 13
-7.9 -5.2 0.1 47 55 48
-8.75 -6.5 0.125 7 15 13
-8.625 -6.5 0.125 6 14 11
-1.7619047619047619 -2.4761904761904763 0.047619047619047616 211 202 188
7.625 -3.25 0.0625 79 60 33
-31.75 -13.25 0.25 7 13 11
-20.666666666666664 -8.833333333333332 0.16666666666666666 8 15 11
-20.5 -8.833333333333332 0.16666666666666666 6 12 11
-8.75 -6.625 0.125 9 15 13
-8.625 -6.625 0.125 7 13 10
-1.7619047619047619 -2.5238095238095237 0.047619047619047616 208 199 183
7.625 -3.3125 0.0625 78 59 27
9.9375 -3.3125 0.0625 78 57 28
9.882352941176471 -3.1176470588235294 0.058823529411764705 79 62 31
9.941176470588236 -3.1176470588235294 0.058823529411764705 85 64 36
19.1 -5.300000000000001 0.1 51 46 38
-60.33333333333333 -18.0 0.3333333333333333 5 13 12
-31.75 -13.5 0.25 6 13 10
-20.666666666666664 -9.0 0.16666666666666666 6 14 12
-20.5 -9.0 0.16666666666666666 6 13 10
-8.75 -6.75 0.125 8 14 14
-1.7619047619047619 -2.571428571428571 0.047619047619047616 208 201 185
3.875 -6.75 0.125 32 29 14
5.357142857142857 -3.8571428571428568 0.07142857142857142 30 25 14
47.5 -27.0 0.5 79 57 27
11.700000000000001 -5.4 0.1 78 58 30
7.625 -3.375 0.0625 79 59 29
19.1 -5.4 0.1 51 46 37
-60.33333333333333 -18.333333333333332 0.3333333333333333 6 15 14
-15.100000000000001 -5.5 0.1 5 17 14
-20.666666666666664 -9.166666666666666 0.16666666666666666 12 21 15
-1.7619047619047619 -2.619047619047619 0.047619047619047616 206 198 182
5.133333333333333 -3.6666666666666665 0.06666666666666667 33 29 16
7.625 -3.4375 0.0625 82 62 32
7.6875 -3.4375 0.0625 83 61 31
-60.33333333333333 -18.666666666666664 0.3333333333333333 5 14 12
-1.8095238095238093 -2.6666666666666665 0.047619047619047616 169 159 146
12.25 -14.0 0.25 35 31 16
4.375 -3.5 0.0625 42 35 17
5.133333333333333 -3.7333333333333334 0.06666666666666667 33 30 14
7.625 -3.5 0.0625 80 62 31
19.0 -5.6000000000000005 0.1 107 98 80
-44.75 -14.25 0.25 5 17 13
-15.100000000000001 -5.7 0.1 4 13 14
-10.100000000000001 -5.7 0.1 43 52 46
-1.8095238095238093 -2.714285714285714 0.047619047619047616 170 158 147
4.5 -4.75 0.08333333333333333 33 31 17
4.9375 -3.5625 0.0625 32 30 15
5.0 -3.5625 0.0625 34 31 16
7.625 -3.5625 0.0625 81 63 34
19.0 -5.7 0.1 107 95 78
-29.166666666666664 -9.666666666666666 0.16666666666666666 5 15 16
-9.9 -5.800000000000001 0.1 42 50 43
-2.48 -2.32 0.04 58 58 50
9.75 -14.5 0.25 33 30 16
5.357142857142857 -4.142857142857142 0.07142857142857142 33 28 15
4.875 -3.625 0.0625 34 29 15
7.8125 -3.625 0.0625 80 59 30
-29.166666666666664 -9.833333333333332 0.16666666666666666 5 16 15
-2.6 -2.95 0.05 12 24 19
9.75 -14.75 0.25 32 28 15
10.5 -14.75 0.25 34 30 16
10.75 -14.75 0.25 32 28 14
11.0 -14.75 0.25 34 32 18
11.25 -14.75 0.25 30 29 13
5.428571428571428 -4.214285714285714 0.07142857142857142 33 31 16
6.7142857142857135 -4.214285714285714 0.07142857142857142 86 65 33
6.125 -3.6875 0.0625 86 68 38
-10.0 -6.0 0.1 46 56 49
-9.9 -6.0 0.1 45 51 46
-8.0 -5.0 0.08333333333333333 44 53 46
3.2 -6.0 0.1 32 30 18
6.125 -3.75 0.0625 84 67 34
14.75 -7.5 0.125 83 64 34
8.785714285714285 -4.285714285714286 0.07142857142857142 83 65 34
-2.433333333333333 -2.033333333333333 0.03333333333333333 9 16 13
-2.4 -2.033333333333333 0.03333333333333333 9 17 14
0.0 -2.9047619047619047 0.047619047619047616 181 162 144
16.5 -30.5 0.5 32 29 15
5.300000000000001 -6.1000000000000005 0.1 34 29 14
5.4 -6.1000000000000005 0.1 35 30 18
6.125 -3.8125 0.0625 81 64 36
8.857142857142856 -4.357142857142857 0.07142857142857142 84 66 37
8.0 -3.8125 0.0625 83 65 34
8.0625 -3.8125 0.0625 83 64 31
-10.100000000000001 -6.2 0.1 16 31 20
-2.433333333333333 -2.0666666666666664 0.03333333333333333 9 15 12
-2.4 -2.0666666666666664 0.03333333333333333 10 17 13
-2.5 -3.1 0.05 66 65 64
0.14285714285714285 -2.952380952380952 0.047619047619047616 183 166 147
16.5 -31.0 0.5 32 30 16
17.0 -31.0 0.5 32 32 18
5.214285714285714 -4.428571428571428 0.07142857142857142 34 30 16
6.125 -3.875 0.0625 83 65 39
5.666666666666666 -3.444444444444444 0.05555555555555555 82 67 36
8.785714285714285 -4.428571428571428 0.07142857142857142 82 62 32
8.0625 -3.875 0.0625 80 60 30
8.125 -3.875 0.0625 83 63 33
17.6 -6.2 0.1 79 75 69
-10.100000000000001 -6.300000000000001 0.1 16 23 20
-2.5500000000000003 -3.1500000000000004 0.05 27 36 28
-2.5 -3.1500000000000004 0.05 66 65 63
0.14285714285714285 -3.0 0.047619047619047616 182 165 146
16.5 -31.5 0.5 31 29 16
17.0 -31.5 0.5 33 33 19
27.5 -31.5 0.5 35 31 16
3.772727272727273 -2.8636363636363638 0.045454545454545456 35 31 14
6.125 -3.9375 0.0625 82 65 38
8.857142857142856 -4.5 0.07142857142857142 83 63 33
8.0625 -3.9375 0.0625 81 61 30
8.125 -3.9375 0.0625 85 65 35
-13.888888888888888 -7.111111111111111 0.1111111111111111 39 40 36
-1.7142857142857142 -3.0476190476190474 0.047619047619047616 213 199 185
0.14285714285714285 -3.0476190476190474 0.047619047619047616 183 165 147
3.772727272727273 -2.909090909090909 0.045454545454545456 36 31 17
6.125 -4.0 0.0625 82 65 38
9.0 -4.571428571428571 0.07142857142857142 84 64 34
8.0625 -4.0 0.0625 83 63 33
19.0 -6.4 0.1 74 71 57
19.1 -6.4 0.1 35 33 28
-29.166666666666664 -10.833333333333332 0.16666666666666666 6 16 17
-12.3 -6.5 0.1 35 39 33
-12.200000000000001 -6.5 0.1 30 36 30
-1.7142857142857142 -3.095238095238095 0.047619047619047616 205 189 177
3.772727272727273 -2.9545454545454546 0.045454545454545456 37 31 15
8.0625 -4.0625 0.0625 84 63 31
6.1923076923076925 -2.5 0.038461538461538464 86 67 37
17.8 -6.5 0.1 127 113 100
-12.200000000000001 -6.6000000000000005 0.1 40 44 38
-12.100000000000001 -6.6000000000000005 0.1 33 39 31
-1.7142857142857142 -3.142857142857143 0.047619047619047616 196 181 168
0.19047619047619047 -3.142857142857143 0.047619047619047616 182 166 149
8.928571428571429 -4.714285714285714 0.07142857142857142 82 60 30
9.0 -4.714285714285714 0.07142857142857142 82 63 34
6.1923076923076925 -2.5384615384615388 0.038461538461538464 85 65 34
10.125 -4.125 0.0625 82 66 35
17.8 -6.6000000000000005 0.1 126 116 99
-12.100000000000001 -6.7 0.1 59 55 51
-1.7142857142857142 -3.1904761904761902 0.047619047619047616 196 179 169
0.23809523809523808 -3.1904761904761902 0.047619047619047616 182 166 146
-13.666666666666666 -7.555555555555555 0.1111111111111111 70 67 60
-12.100000000000001 -6.800000000000001 0.1 65 63 55
-4.619047619047619 -3.238095238095238 0.047619047619047616 25 36 27
-4.571428571428571 -3.238095238095238 0.047619047619047616 42 47 38
-4.523809523809524 -3.238095238095238 0.047619047619047616 15 22 19
18.8 -6.800000000000001 0.1 67 64 50
-24.71428571428571 -9.857142857142856 0.14285714285714285 7 18 17
-13.666666666666666 -7.666666666666666 0.1111111111111111 65 67 58
-7.4 -6.9 0.1 12 21 16
0.2857142857142857 -3.2857142857142856 0.047619047619047616 140 117 104
3.8571428571428568 -4.928571428571428 0.07142857142857142 39 35 19
3.5625 -4.3125 0.0625 37 32 16
3.625 -4.3125 0.0625 37 34 19
3.444444444444444 -3.833333333333333 0.05555555555555555 38 33 17
9.1875 -4.3125 0.0625 81 63 30
9.25 -4.3125 0.0625 82 62 33
9.3125 -4.3125 0.0625 80 63 32
18.8 -6.9 0.1 68 65 51
-21.375 -8.75 0.125 6 18 18
-14.200000000000001 -7.0 0.1 32 44 17
-13.666666666666666 -7.777777777777778 0.1111111111111111 70 69 60
-7.4 -7.0 0.1 12 22 17
0.2857142857142857 -3.333333333333333 0.047619047619047616 119 100 87
3.833333333333333 -5.833333333333333 0.08333333333333333 35 32 16
3.5 -5.0 0.07142857142857142 38 31 17
9.1875 -4.375 0.0625 80 61 30
18.8 -7.0 0.1 68 63 50
-21.375 -8.875 0.125 7 18 20
-16.0 -7.888888888888888 0.1111111111111111 36 43 26
-14.200000000000001 -7.1000000000000005 0.1 34 43 21
-7.300000000000001 -7.1000000000000005 0.1 11 19 15
0.2857142857142857 -3.380952380952381 0.047619047619047616 110 95 80
3.3571428571428568 -5.071428571428571 0.07142857142857142 36 30 14
3.4285714285714284 -5.071428571428571 0.07142857142857142 40 33 19
3.375 -4.4375 0.0625 40 35 19
7.722222222222221 -3.944444444444444 0.05555555555555555 80 62 33
7.777777777777778 -3.944444444444444 0.05555555555555555 83 63 36
9.1875 -4.4375 0.0625 81 62 32
9.25 -4.4375 0.0625 83 66 34
9.3125 -4.4375 0.0625 81 61 31
9.8125 -4.4375 0.0625 79 62 32
9.875 -4.4375 0.0625 82 64 33
16.545454545454547 -6.454545454545455 0.09090909090909091 119 112 93
18.8 -7.1000000000000005 0.1 66 63 49
-61.666666666666664 -24.0 0.3333333333333333 5 15 14
-28.833333333333332 -12.0 0.16666666666666666 5 16 18
-14.200000000000001 -7.2 0.1 29 38 22
-13.444444444444443 -8.0 0.1111111111111111 39 44 38
-13.11111111111111 -8.0 0.1111111111111111 18 32 22
-11.600000000000001 -7.2 0.1 15 25 17
-7.300000000000001 -7.2 0.1 11 20 15
0.2857142857142857 -3.4285714285714284 0.047619047619047616 110 96 78
3.1875 -4.5 0.0625 38 33 15
3.375 -4.5 0.0625 41 36 19
8.5625 -4.5 0.0625 78 60 30
9.1875 -4.5 0.0625 81 60 32
9.25 -4.5 0.0625 80 63 33
9.3125 -4.5 0.0625 80 60 32
16.545454545454547 -6.545454545454546 0.09090909090909091 118 110 91
-61.666666666666664 -24.333333333333332 0.3333333333333333 6 14 14
-61.33333333333333 -24.333333333333332 0.3333333333333333 5 14 13
-12.4 -7.300000000000001 0.1 16 28 21
-13.11111111111111 -8.11111111111111 0.1111111111111111 25 33 28
-11.600000000000001 -7.300000000000001 0.1 16 26 21
-7.300000000000001 -7.300000000000001 0.1 8 16 12
-7.857142857142857 -10.428571428571429 0.14285714285714285 23 25 25
0.2857142857142857 -3.476190476190476 0.047619047619047616 107 96 77
3.1875 -4.5625 0.0625 37 31 16
3.2 -3.6500000000000004 0.05 37 34 18
52.0 -36.5 0.5 80 63 33
-61.666666666666664 -24.666666666666664 0.3333333333333333 6 15 13
-174.0 -74.0 1.0 7 16 15
-11.600000000000001 -7.4 0.1 32 35 34
-7.857142857142857 -10.571428571428571 0.14285714285714285 24 27 23
0.2857142857142857 -3.5238095238095237 0.047619047619047616 109 98 78
7.375 -9.25 0.125 36 31 15
7.875 -9.25 0.125 35 32 14
23.166666666666664 -12.333333333333332 0.16666666666666666 79 59 29
-7.4 -7.5 0.1 14 22 18
8.375 -4.6875 0.0625 73 53 29
-86.0 -38.0 0.5 6 16 15
-7.4 -7.6000000000000005 0.1 17 25 21
-2.0869565217391304 -3.3043478260869565 0.043478260869565216 18 29 26
5.0 -9.5 0.125 36 33 19
3.2777777777777777 -4.222222222222222 0.05555555555555555 36 31 16
14.100000000000001 -7.6000000000000005 0.1 78 60 30
14.3 -7.6000000000000005 0.1 79 61 30
-87.5 -38.5 0.5 5 15 15
-87.0 -38.5 0.5 5 16 15
-86.5 -38.5 0.5 5 15 12
-86.0 -38.5 0.5 5 16 16
-85.5 -38.5 0.5 6 15 12
-15.200000000000001 -7.7 0.1 50 53 34
-8.6 -7.7 0.1 24 44 26
-7.7 -7.7 0.1 20 29 23
-7.4 -7.7 0.1 10 18 14
-2.0869565217391304 -3.3478260869565215 0.043478260869565216 18 29 24
-85.5 -39.0 0.5 4 14 12
-15.3 -7.800000000000001 0.1 13 21 12
-15.200000000000001 -7.800000000000001 0.1 17 27 16
-8.5 -7.800000000000001 0.1 46 45 44
-7.7 -7.800000000000001 0.1 12 18 17
-7.6000000000000005 -7.800000000000001 0.1 3 11 8
-2.0869565217391304 -3.391304347826087 0.043478260869565216 17 27 22
0.2857142857142857 -3.714285714285714 0.047619047619047616 116 104 86
3.45 -3.9000000000000004 0.05 34 30 13
11.0 -5.571428571428571 0.07142857142857142 78 61 29
-87.0 -39.5 0.5 7 17 17
-86.5 -39.5 0.5 4 13 13
-86.0 -39.5 0.5 5 16 14
-14.600000000000001 -7.9 0.1 9 16 11
-14.5 -7.9 0.1 9 16 9
-13.600000000000001 -7.9 0.1 4 13 9
-7.7 -7.9 0.1 6 14 10
-0.9090909090909092 -3.590909090909091 0.045454545454545456 243 233 213
6.6000000000000005 -7.9 0.1 37 32 16
4.0 -3.590909090909091 0.045454545454545456 37 33 17
-86.0 -40.0 0.5 6 15 17
-14.600000000000001 -8.0 0.1 7 17 12
-13.4 -8.0 0.1 9 16 14
-0.9090909090909092 -3.6363636363636367 0.045454545454545456 219 207 186
3.9285714285714284 -2.8571428571428568 0.03571428571428571 84 63 35
10.928571428571429 -5.7142857142857135 0.07142857142857142 76 59 31
11.0 -5.7142857142857135 0.07142857142857142 77 60 34
-15.600000000000001 -8.1 0.1 8 14 14
-14.600000000000001 -8.1 0.1 11 17 13
-0.9090909090909092 -3.681818181818182 0.045454545454545456 166 150 143
12.5 -40.5 0.5 34 32 15
4.2 -8.1 0.1 34 33 17
5.75 -5.0625 0.0625 69 57 28
9.0 -5.0625 0.0625 83 65 35
10.785714285714285 -5.785714285714286 0.07142857142857142 76 57 28
8.722222222222221 -4.5 0.05555555555555555 74 57 27
8.777777777777777 -4.5 0.05555555555555555 77 61 31
10.4375 -5.0625 0.0625 72 55 25
-25.0 -13.666666666666666 0.16666666666666666 11 18 12
-11.5 -8.200000000000001 0.1 44 46 38
-8.6 -8.200000000000001 0.1 57 51 49
-0.9090909090909092 -3.7272727272727275 0.045454545454545456 165 150 138
0.45 -4.1000000000000005 0.05 140 127 108
12.0 -41.0 0.5 34 32 16
6.666666666666666 -13.666666666666666 0.16666666666666666 32 32 15
4.2 -8.200000000000001 0.1 33 31 15
5.0 -5.125 0.0625 33 33 17
5.75 -5.125 0.0625 67 56 27
9.0 -5.125 0.0625 82 63 33
-62.0 -27.666666666666664 0.3333333333333333 6 15 14
-61.666666666666664 -27.666666666666664 0.3333333333333333 6 14 15
-61.33333333333333 -27.666666666666664 0.3333333333333333 5 14 13
-43.0 -20.75 0.25 5 16 15
-42.75 -20.75 0.25 5 14 12
-11.5 -8.3 0.1 66 60 54
-7.571428571428571 -5.928571428571428 0.07142857142857142 70 68 60
-5.333333333333333 -6.916666666666666 0.08333333333333333 66 67 55
-1.2000000000000002 -4.15 0.05 168 153 137
-0.9090909090909092 -3.772727272727273 0.045454545454545456 167 153 138
17.0 -83.0 1.0 32 32 16
6.0 -20.75 0.25 33 31 18
9.0 -5.1875 0.0625 85 65 34
8.722222222222221 -4.611111111111111 0.05555555555555555 73 56 27
91.5 -41.5 0.5 15 30 27
-61.666666666666664 -28.0 0.3333333333333333 5 14 13
-61.33333333333333 -28.0 0.3333333333333333 6 15 14
-88.5 -42.0 0.5 5 12 13
-13.888888888888888 -9.333333333333332 0.1111111111111111 29 35 28
-1.2000000000000002 -4.2 0.05 173 157 142
17.0 -84.0 1.0 34 30 15
6.0 -21.0 0.25 31 32 17
6.25 -21.0 0.25 31 30 14
5.75 -5.25 0.0625 68 56 30
9.0 -5.25 0.0625 83 64 31
9.1875 -5.25 0.0625 81 61 30
-61.666666666666664 -28.333333333333332 0.3333333333333333 6 15 13
-61.33333333333333 -28.333333333333332 0.3333333333333333 5 15 16
-6.625 -5.3125 0.0625 11 29 15
-8.875 -10.625 0.125 6 21 11
-1.619047619047619 -4.0476190476190474 0.047619047619047616 226 212 195
19.0 -85.0 1.0 31 30 17
6.25 -21.25 0.25 32 29 15
5.75 -5.3125 0.0625 71 56 28
9.0 -5.3125 0.0625 84 64 33
9.125 -5.3125 0.0625 82 64 34
9.1875 -5.3125 0.0625 80 61 29
10.857142857142856 -6.071428571428571 0.07142857142857142 77 61 31
9.6875 -5.3125 0.0625 76 58 27
-61.666666666666664 -28.666666666666664 0.3333333333333333 5 14 14
-61.33333333333333 -28.666666666666664 0.3333333333333333 5 14 14
-6.625 -5.375 0.0625 4 13 10
4.375 -10.75 0.125 31 29 16
5.800000000000001 -8.6 0.1 36 33 18
5.625 -5.375 0.0625 42 38 19
5.75 -5.375 0.0625 67 56 29
9.125 -5.375 0.0625 80 62 32
10.3125 -5.375 0.0625 72 55 25
-61.666666666666664 -29.0 0.3333333333333333 5 16 13
-61.33333333333333 -29.0 0.3333333333333333 5 16 12
-21.5 -14.5 0.16666666666666666 5 12 11
-6.625 -5.4375 0.0625 7 13 12
-10.0 -8.700000000000001 0.1 14 24 19
-2.2857142857142856 -3.1071428571428568 0.03571428571428571 7 14 12
3.125 -3.625 0.041666666666666664 12 18 10
10.285714285714285 -6.2142857142857135 0.07142857142857142 45 44 26
10.1875 -5.4375 0.0625 39 37 18
9.76470588235294 -5.117647058823529 0.058823529411764705 45 42 22
-60.666666666666664 -29.333333333333332 0.3333333333333333 5 15 15
-10.0 -8.8 0.1 12 21 19
-2.321428571428571 -3.142857142857143 0.03571428571428571 17 20 17
-2.2857142857142856 -3.142857142857143 0.03571428571428571 7 13 12
0.2 -4.4 0.05 186 171 153
3.0 -3.384615384615385 0.038461538461538464 10 17 13
12.555555555555555 -9.777777777777777 0.1111111111111111 7 20 16
11.428571428571427 -6.285714285714286 0.07142857142857142 53 50 36
10.25 -5.5 0.0625 49 48 32
10.352941176470589 -5.176470588235294 0.058823529411764705 13 25 23
10.411764705882353 -5.176470588235294 0.058823529411764705 16 28 24
-19.125 -11.125 0.125 6 14 11
-9.25 -11.125 0.125 48 49 44
-7.333333333333333 -9.888888888888888 0.1111111111111111 35 35 32
0.2 -4.45 0.05 185 170 151
10.25 -5.5625 0.0625 88 74 50
10.352941176470589 -5.235294117647059 0.058823529411764705 10 24 20
-185.0 -90.0 1.0 5 15 14
-9.11111111111111 -10.0 0.1111111111111111 21 28 25
-7.333333333333333 -10.0 0.1111111111111111 39 42 38
-5.545454545454546 -8.181818181818182 0.09090909090909091 20 29 19
-2.15 -4.5 0.05 8 15 13
-2.1 -4.5 0.05 15 23 19
-1.894736842105263 -4.7368421052631575 0.05263157894736842 216 210 195
-1.7000000000000002 -4.5 0.05 227 214 201
0.2 -4.5 0.05 186 171 152
36.5 -45.0 0.5 7 13 8
20.75 -22.5 0.25 7 14 10
10.294117647058824 -5.294117647058823 0.058823529411764705 49 43 36
10.352941176470589 -5.294117647058823 0.058823529411764705 7 22 20
-185.0 -91.0 1.0 5 14 14
-11.100000000000001 -9.1 0.1 8 15 13
-8.916666666666666 -7.583333333333333 0.08333333333333333 6 13 9
-5.545454545454546 -8.272727272727273 0.09090909090909091 82 69 63
-2.1 -4.55 0.05 40 43 38
0.2 -4.55 0.05 187 173 153
3.076923076923077 -3.5 0.038461538461538464 7 15 11
10.294117647058824 -5.352941176470588 0.058823529411764705 55 46 38
10.352941176470589 -5.352941176470588 0.058823529411764705 8 23 19
10.411764705882353 -5.352941176470588 0.058823529411764705 15 28 26
-11.200000000000001 -9.200000000000001 0.1 11 18 16
-11.100000000000001 -9.200000000000001 0.1 9 15 12
-9.11111111111111 -10.222222222222221 0.1111111111111111 20 29 26
-3.0 -5.75 0.0625 13 23 16
-1.1 -4.6000000000000005 0.05 246 243 234
0.2 -4.6000000000000005 0.05 190 174 155
38.5 -46.0 0.5 6 13 9
39.5 -46.0 0.5 7 13 11
3.076923076923077 -3.5384615384615388 0.038461538461538464 6 13 12
42.5 -46.0 0.5 8 15 9
10.294117647058824 -5.411764705882353 0.058823529411764705 58 51 38
10.352941176470589 -5.411764705882353 0.058823529411764705 9 24 20
0.2 -4.65 0.05 193 177 159
10.625 -11.625 0.125 8 16 10
10.352941176470589 -5.470588235294118 0.058823529411764705 9 25 20
-12.888888888888888 -10.444444444444445 0.1111111111111111 6 15 12
-3.1 -4.7 0.05 100 93 77
0.2 -4.7 0.05 194 178 159
8.0 -31.333333333333332 0.3333333333333333 11 19 12
35.5 -47.0 0.5 6 12 8
10.625 -11.75 0.125 7 14 8
10.352941176470589 -5.529411764705882 0.058823529411764705 8 24 19
-89.5 -47.5 0.5 5 14 15
-89.0 -47.5 0.5 5 16 13
-88.5 -47.5 0.5 5 16 14
-88.0 -47.5 0.5 5 15 15
-12.888888888888888 -10.555555555555555 0.1111111111111111 6 14 10
-9.166666666666666 -7.916666666666666 0.08333333333333333 6 13 11
-8.200000000000001 -9.5 0.1 7 14 12
-3.1 -4.75 0.05 101 94 74
0.2 -4.75 0.05 196 180 162
4.7 -9.5 0.1 9 16 11
4.800000000000001 -9.5 0.1 8 16 12
10.875 -11.875 0.125 6 13 10
9.75 -7.916666666666666 0.08333333333333333 9 20 16
10.352941176470589 -5.588235294117647 0.058823529411764705 6 22 19
-88.0 -48.0 0.5 7 17 15
-16.1 -9.600000000000001 0.1 5 16 14
-16.0 -9.600000000000001 0.1 7 17 15
-13.0 -10.666666666666666 0.1111111111111111 6 13 10
0.2857142857142857 -4.571428571428571 0.047619047619047616 204 188 170
9.75 -8.0 0.08333333333333333 9 19 15
10.352941176470589 -5.647058823529411 0.058823529411764705 6 20 18
-60.666666666666664 -32.33333333333333 0.3333333333333333 5 16 14
-42.75 -24.25 0.25 6 14 13
-16.1 -9.700000000000001 0.1 5 15 15
-16.0 -9.700000000000001 0.1 6 18 16
-14.875 -12.125 0.125 5 11 9
-9.25 -8.083333333333332 0.08333333333333333 5 12 10
0.2857142857142857 -4.619047619047619 0.047619047619047616 204 186 167
10.0 -13.857142857142856 0.14285714285714285 8 13 12
9.75 -8.083333333333332 0.08333333333333333 8 20 16
10.352941176470589 -5.705882352941177 0.058823529411764705 7 20 19
0.2857142857142857 -4.666666666666666 0.047619047619047616 197 182 163
36.5 -49.0 0.5 4 12 9
19.25 -24.5 0.25 4 10 8
9.4 -9.8 0.1 5 13 9
9.083333333333332 -8.166666666666666 0.08333333333333333 4 10 7
10.352941176470589 -5.764705882352941 0.058823529411764705 5 20 15
-61.33333333333333 -33.0 0.3333333333333333 6 15 14
-16.7 -9.9 0.1 14 23 15
-16.1 -9.9 0.1 6 15 14
-13.444444444444443 -11.0 0.1111111111111111 5 12 8
-1.7142857142857142 -4.714285714285714 0.047619047619047616 234 231 220
0.2857142857142857 -4.714285714285714 0.047619047619047616 196 177 158
38.5 -49.5 0.5 4 10 7
11.600000000000001 -9.9 0.1 9 22 18
10.352941176470589 -5.823529411764706 0.058823529411764705 6 20 16
-61.666666666666664 -33.33333333333333 0.3333333333333333 5 14 14
-61.33333333333333 -33.33333333333333 0.3333333333333333 5 15 14
-16.7 -10.0 0.1 13 22 17
-13.444444444444443 -11.11111111111111 0.1111111111111111 5 11 9
-8.166666666666666 -8.333333333333332 0.08333333333333333 9 17 14
-8.083333333333332 -8.333333333333332 0.08333333333333333 6 13 10
-1.7142857142857142 -4.761904761904762 0.047619047619047616 232 230 222
0.2857142857142857 -4.761904761904762 0.047619047619047616 193 174 157
38.5 -50.0 0.5 5 12 10
17.5 -16.666666666666664 0.16666666666666666 4 11 7
11.600000000000001 -10.0 0.1 8 22 19
10.352941176470589 -5.88235294117647 0.058823529411764705 7 20 15
10.411764705882353 -5.88235294117647 0.058823529411764705 11 21 18
-13.444444444444443 -11.222222222222221 0.1111111111111111 5 11 9
-1.8095238095238093 -4.809523809523809 0.047619047619047616 220 224 217
0.2857142857142857 -4.809523809523809 0.047619047619047616 198 180 162
38.5 -50.5 0.5 4 12 7
25.75 -25.25 0.25 5 11 8
-16.7 -10.200000000000001 0.1 15 22 18
-11.9 -10.200000000000001 0.1 4 10 8
-1.8095238095238093 -4.857142857142857 0.047619047619047616 220 225 217
0.2857142857142857 -4.857142857142857 0.047619047619047616 200 183 162
38.5 -51.0 0.5 5 11 8
-5.444444444444444 -5.722222222222222 0.05555555555555555 7 16 13
0.2857142857142857 -4.904761904761904 0.047619047619047616 197 179 158
-9.0 -8.666666666666666 0.08333333333333333 8 16 14
-8.916666666666666 -8.666666666666666 0.08333333333333333 11 18 16
-8.583333333333332 -8.666666666666666 0.08333333333333333 8 17 13
-8.5 -8.666666666666666 0.08333333333333333 11 18 15
-8.416666666666666 -8.666666666666666 0.08333333333333333 6 13 10
0.2857142857142857 -4.9523809523809526 0.047619047619047616 167 150 131
10.352941176470589 -6.117647058823529 0.058823529411764705 8 19 14
10.411764705882353 -6.117647058823529 0.058823529411764705 11 20 15
-9.0 -8.75 0.08333333333333333 9 18 15
-8.666666666666666 -8.75 0.08333333333333333 8 17 16
-8.583333333333332 -8.75 0.08333333333333333 10 18 15
-8.5 -8.75 0.08333333333333333 9 17 14
-8.416666666666666 -8.75 0.08333333333333333 7 13 9
-4.095238095238095 -5.0 0.047619047619047616 71 59 40
0.2857142857142857 -5.0 0.047619047619047616 168 151 134
10.352941176470589 -6.176470588235294 0.058823529411764705 15 21 15
-8.666666666666666 -8.833333333333332 0.08333333333333333 9 18 14
-8.583333333333332 -8.833333333333332 0.08333333333333333 10 17 15
-8.5 -8.833333333333332 0.08333333333333333 8 16 13
-8.416666666666666 -8.833333333333332 0.08333333333333333 7 14 12
-4.095238095238095 -5.0476190476190474 0.047619047619047616 75 62 39
0.23809523809523808 -5.0476190476190474 0.047619047619047616 163 148 133
-15.9 -10.700000000000001 0.1 5 12 9
-8.666666666666666 -8.916666666666666 0.08333333333333333 10 19 15
-8.583333333333332 -8.916666666666666 0.08333333333333333 9 17 11
-8.5 -8.916666666666666 0.08333333333333333 7 16 12
-4.095238095238095 -5.095238095238095 0.047619047619047616 73 60 41
10.411764705882353 -6.294117647058823 0.058823529411764705 13 19 13
-8.666666666666666 -9.0 0.08333333333333333 10 18 16
-8.583333333333332 -9.0 0.08333333333333333 9 15 11
-8.5 -9.0 0.08333333333333333 8 16 11
9.833333333333332 -18.0 0.16666666666666666 5 11 9
47.5 -54.0 0.5 4 10 8
-2.3157894736842106 -5.7368421052631575 0.05263157894736842 158 159 138
47.5 -54.5 0.5 4 11 7
-2.3157894736842106 -5.789473684210526 0.05263157894736842 119 118 117
-1.7272727272727273 -5.0 0.045454545454545456 138 131 138
-1.5652173913043477 -4.782608695652174 0.043478260869565216 184 166 153
0.5238095238095237 -5.238095238095238 0.047619047619047616 130 114 107
47.5 -55.0 0.5 7 13 9
-91.0 -55.5 0.5 5 16 14
-14.90909090909091 -10.090909090909092 0.09090909090909091 6 16 17
-13.5 -9.25 0.08333333333333333 7 17 18
-15.9 -11.100000000000001 0.1 3 10 9
-2.3157894736842106 -5.842105263157895 0.05263157894736842 121 122 127
-1.5652173913043477 -4.826086956521739 0.043478260869565216 205 188 167
47.5 -55.5 0.5 16 20 15
14.25 -13.875 0.125 8 20 16
10.375 -6.9375 0.0625 91 78 51
-91.0 -56.0 0.5 5 14 13
-14.90909090909091 -10.181818181818182 0.09090909090909091 7 17 16
-13.5 -9.333333333333332 0.08333333333333333 6 16 17
-15.9 -11.200000000000001 0.1 5 12 10
-15.5 -14.0 0.125 6 15 12
-12.0 -11.200000000000001 0.1 9 18 14
-11.9 -11.200000000000001 0.1 14 21 15
-11.8 -11.200000000000001 0.1 18 27 18
-11.700000000000001 -11.200000000000001 0.1 26 30 23
-1.6521739130434783 -4.869565217391305 0.043478260869565216 161 145 139
0.3913043478260869 -4.869565217391305 0.043478260869565216 174 162 143
14.200000000000001 -22.400000000000002 0.2 20 25 16
47.5 -56.0 0.5 15 22 15
14.25 -14.0 0.125 8 21 19
10.375 -7.0 0.0625 89 76 49
11.866666666666667 -7.466666666666667 0.06666666666666667 36 40 29
-17.0 -11.3 0.1 21 29 25
-15.9 -11.3 0.1 4 12 11
-12.0 -11.3 0.1 22 28 23
-11.9 -11.3 0.1 23 26 22
-11.700000000000001 -11.3 0.1 36 36 27
-1.6521739130434783 -4.913043478260869 0.043478260869565216 112 96 119
-1.5652173913043477 -4.913043478260869 0.043478260869565216 217 212 201
-0.13043478260869565 -4.913043478260869 0.043478260869565216 195 176 171
0.3181818181818182 -5.136363636363637 0.045454545454545456 181 163 145
0.4545454545454546 -5.136363636363637 0.045454545454545456 175 158 141
10.375 -7.0625 0.0625 91 78 50
11.866666666666667 -7.533333333333333 0.06666666666666667 43 45 34
-17.0 -11.4 0.1 19 28 25
-15.9 -11.4 0.1 4 11 9
-57.0 -57.0 0.5 10 20 13
-3.6153846153846154 -4.384615384615385 0.038461538461538464 14 21 15
-1.6521739130434783 -4.956521739130435 0.043478260869565216 180 178 155
-0.13043478260869565 -4.956521739130435 0.043478260869565216 175 167 157
0.3181818181818182 -5.181818181818182 0.045454545454545456 197 181 160
10.375 -7.125 0.0625 91 79 50
-65.5 -57.5 0.5 26 29 21
-37.5 -57.5 0.5 141 108 77
-0.13043478260869565 -5.0 0.043478260869565216 198 183 169
0.3181818181818182 -5.2272727272727275 0.045454545454545456 199 182 160
29.0 -57.5 0.5 9 16 12
29.5 -57.5 0.5 9 15 10
10.375 -7.1875 0.0625 91 78 49
9.4 -5.75 0.05 52 50 39
-17.0 -11.600000000000001 0.1 23 33 26
-0.13043478260869565 -5.043478260869565 0.043478260869565216 201 184 168
29.0 -58.0 0.5 9 17 13
29.5 -58.0 0.5 8 14 10
10.5 -7.25 0.0625 89 78 49
-17.0 -11.700000000000001 0.1 23 30 25
-15.272727272727273 -10.636363636363637 0.09090909090909091 17 25 18
-66.0 -58.5 0.5 59 57 50
-21.5 -19.5 0.16666666666666666 57 54 48
29.0 -58.5 0.5 9 16 13
29.5 -58.5 0.5 7 15 11
10.5 -7.3125 0.0625 90 77 50
-15.272727272727273 -10.727272727272728 0.09090909090909091 16 25 17
-66.0 -59.0 0.5 53 55 45
29.0 -59.0 0.5 12 20 17
29.5 -59.0 0.5 12 19 15
-15.272727272727273 -10.818181818181818 0.09090909090909091 16 26 19
-66.0 -59.5 0.5 15 32 20
-9.25 -7.5625 0.0625 7 14 12
-8.0 -6.722222222222221 0.05555555555555555 7 16 13
10.5 -7.5625 0.0625 91 78 50
-8.0 -6.777777777777778 0.05555555555555555 7 15 12
-13.700000000000001 -12.200000000000001 0.1 7 15 12
10.5 -7.625 0.0625 91 77 49
-0.9333333333333333 -4.1 0.03333333333333333 203 186 163
46.5 -61.5 0.5 6 13 9
34.33333333333333 -41.0 0.3333333333333333 4 9 8
10.375 -7.6875 0.0625 90 78 50
-0.9333333333333333 -4.133333333333333 0.03333333333333333 215 203 181
34.33333333333333 -41.33333333333333 0.3333333333333333 4 10 7
10.5 -7.75 0.0625 90 77 49
-60.0 -41.666666666666664 0.3333333333333333 6 16 15
-174.0 -125.0 1.0 7 16 14
-0.9333333333333333 -4.166666666666667 0.03333333333333333 209 193 172
34.33333333333333 -41.666666666666664 0.3333333333333333 5 12 9
9.666666666666666 -10.416666666666666 0.08333333333333333 8 19 16
10.5 -7.8125 0.0625 91 77 49
-60.0 -42.0 0.3333333333333333 7 16 15
-29.833333333333332 -21.0 0.16666666666666666 6 15 13
-29.666666666666664 -21.0 0.16666666666666666 6 15 14
-174.0 -126.0 1.0 6 17 17
-0.9333333333333333 -4.2 0.03333333333333333 203 192 167
10.3 -12.600000000000001 0.1 4 11 7
9.666666666666666 -10.5 0.08333333333333333 7 18 15
8.571428571428571 -9.0 0.07142857142857142 18 30 16
9.875 -7.875 0.0625 86 76 50
-60.0 -42.33333333333333 0.3333333333333333 5 15 14
-29.833333333333332 -21.166666666666664 0.16666666666666666 6 14 13
-29.666666666666664 -21.166666666666664 0.16666666666666666 6 14 14
-17.0 -12.700000000000001 0.1 23 29 24
-0.9333333333333333 -4.233333333333333 0.03333333333333333 203 184 162
-174.0 -128.0 1.0 5 15 15
-17.0 -12.8 0.1 23 31 27
-9.1875 -8.0 0.0625 5 13 9
1.1500000000000001 -6.4 0.05 134 102 69
10.266666666666666 -8.533333333333333 0.06666666666666667 85 75 47
-29.666666666666664 -21.5 0.16666666666666666 5 15 15
-17.0 -12.9 0.1 24 32 26
1.1500000000000001 -6.45 0.05 133 101 69
9.75 -8.0625 0.0625 87 75 48
-17.0 -13.0 0.1 23 29 25
1.1500000000000001 -6.5 0.05 133 101 68
7.800000000000001 -13.0 0.1 39 38 27
-17.0 -13.100000000000001 0.1 17 25 22
-14.4 -13.100000000000001 0.1 8 17 15
-3.8260869565217392 -5.695652173913043 0.043478260869565216 142 112 80
1.1500000000000001 -6.550000000000001 0.05 133 100 69
9.75 -8.1875 0.0625 85 75 48
93.5 -65.5 0.5 46 47 34
-13.833333333333332 -11.0 0.08333333333333333 6 17 15
-3.782608695652174 -5.739130434782608 0.043478260869565216 139 108 76
1.1500000000000001 -6.6000000000000005 0.05 131 98 69
9.75 -8.25 0.0625 86 73 49
93.5 -66.0 0.5 47 47 35
-17.0 -13.3 0.1 7 17 15
-13.833333333333332 -11.083333333333332 0.08333333333333333 7 18 17
-20.125 -16.625 0.125 5 14 13
0.13636363636363635 -6.045454545454546 0.045454545454545456 193 169 152
9.75 -8.3125 0.0625 85 73 49
-13.833333333333332 -11.166666666666666 0.08333333333333333 6 17 16
8.8 -13.4 0.1 29 32 21
-13.833333333333332 -11.25 0.08333333333333333 7 16 15
-2.4 -4.5 0.03333333333333333 137 105 75
-2.3666666666666667 -4.5 0.03333333333333333 136 102 72
-2.3666666666666667 -4.533333333333333 0.03333333333333333 137 103 72
-11.571428571428571 -9.785714285714285 0.07142857142857142 7 17 16
-11.0 -13.700000000000001 0.1 57 56 48
-8.833333333333332 -11.416666666666666 0.08333333333333333 52 53 45
-2.0 -6.2272727272727275 0.045454545454545456 191 172 153
-29.0 -23.0 0.16666666666666666 6 15 15
-28.833333333333332 -23.0 0.16666666666666666 5 14 12
-170.0 -138.0 1.0 7 17 18
-11.0 -13.8 0.1 52 54 44
-8.833333333333332 -11.5 0.08333333333333333 50 54 44
-3.583333333333333 -5.75 0.041666666666666664 139 108 78
-2.0 -6.2727272727272725 0.045454545454545456 190 171 152
11.25 -8.625 0.0625 48 49 36
10.705882352941176 -8.117647058823529 0.058823529411764705 50 49 35
-9.818181818181818 -12.636363636363637 0.09090909090909091 50 53 43
-8.833333333333332 -11.583333333333332 0.08333333333333333 48 53 43
-3.583333333333333 -5.791666666666666 0.041666666666666664 139 108 77
-61.666666666666664 -46.666666666666664 0.3333333333333333 5 15 13
-61.33333333333333 -46.666666666666664 0.3333333333333333 5 15 14
-60.33333333333333 -46.666666666666664 0.3333333333333333 5 14 12
-13.0 -14.0 0.1 49 53 49
-12.444444444444443 -15.555555555555555 0.1111111111111111 48 51 43
-9.818181818181818 -12.727272727272728 0.09090909090909091 51 53 41
-8.833333333333332 -11.666666666666666 0.08333333333333333 47 54 42
-3.9565217391304346 -6.08695652173913 0.043478260869565216 142 113 83
-2.45 -7.0 0.05 186 166 147
-2.0454545454545454 -6.363636363636364 0.045454545454545456 189 170 151
-61.33333333333333 -47.0 0.3333333333333333 6 15 12
-60.666666666666664 -47.0 0.3333333333333333 5 15 12
-60.33333333333333 -47.0 0.3333333333333333 6 15 12
-13.0 -14.100000000000001 0.1 39 48 39
-8.833333333333332 -11.75 0.08333333333333333 50 52 43
-3.8260869565217392 -6.130434782608695 0.043478260869565216 143 111 78
-2.0454545454545454 -6.409090909090909 0.045454545454545456 192 170 150
10.705882352941176 -8.294117647058824 0.058823529411764705 47 47 35
-61.33333333333333 -47.33333333333333 0.3333333333333333 5 14 13
-13.0 -14.200000000000001 0.1 32 46 39
-3.869565217391304 -6.173913043478261 0.043478260869565216 142 110 79
-2.0454545454545454 -6.454545454545455 0.045454545454545456 190 172 154
10.705882352941176 -8.352941176470589 0.058823529411764705 45 47 34
-61.666666666666664 -47.666666666666664 0.3333333333333333 3 8 7
-61.33333333333333 -47.666666666666664 0.3333333333333333 2 7 7
-60.666666666666664 -47.666666666666664 0.3333333333333333 3 7 7
-60.33333333333333 -47.666666666666664 0.3333333333333333 3 6 7
-13.0 -14.3 0.1 42 38 42
-3.869565217391304 -6.217391304347826 0.043478260869565216 70 55 38
-2.0454545454545454 -6.5 0.045454545454545456 93 85 75
9.75 -8.9375 0.0625 42 36 25
